project,_col1,usd_volume
carbon_defi,2024-09-23 00:00:00.000 UTC,1.4145029326283163e+06
openocean,2024-03-25 00:00:00.000 UTC,1.6580491810778908e+07
fenix,2024-10-28 00:00:00.000 UTC,11944.287264642484
torus,2024-04-15 00:00:00.000 UTC,6.97091515444848
akronswap,2024-12-30 00:00:00.000 UTC,388.64953195758915
velodrome,2024-04-29 00:00:00.000 UTC,1.888036590703897e+08
sobal,2024-10-07 00:00:00.000 UTC,0.7403366879212578
swapbased,2024-08-26 00:00:00.000 UTC,95124.06071822718
soswap,2024-12-23 00:00:00.000 UTC,322.265349338972
quickswap,2024-07-29 00:00:00.000 UTC,2.4684648909372136e+08
citadelswap,2024-09-02 00:00:00.000 UTC,3959.6805528045124
sparkdex,2025-02-03 00:00:00.000 UTC,1.902206664935006e+07
ramses,2024-04-29 00:00:00.000 UTC,4.172200024784761e+08
kyberswap,2025-02-03 00:00:00.000 UTC,1.0524821629209486e+06
woofi,2024-09-30 00:00:00.000 UTC,5.042562396843026e+07
oasisswap,2024-11-04 00:00:00.000 UTC,4292.713930109127
moonbase,2024-08-19 00:00:00.000 UTC,13.657594306384047
gmx,2024-09-16 00:00:00.000 UTC,5.2946556846261015e+06
verse_dex,2024-06-24 00:00:00.000 UTC,379176.91384225833
nuri,2024-04-15 00:00:00.000 UTC,10.455840229708873
zipswap,2024-07-01 00:00:00.000 UTC,11473.463127653189
jelly_swap,2024-11-25 00:00:00.000 UTC,1.9474526504605714e+07
curve,2024-03-11 00:00:00.000 UTC,2.920864576069789e+09
wombat_exchange,2024-03-25 00:00:00.000 UTC,1.8717871947073143e+07
dracula_finance,2024-10-07 00:00:00.000 UTC,475.5478836969175
akronswap,2024-10-28 00:00:00.000 UTC,2074.4180849370746
nomiswap,2024-05-06 00:00:00.000 UTC,369048.3651892315
wombat,2024-06-17 00:00:00.000 UTC,406006.7162687641
torus,2024-07-08 00:00:00.000 UTC,2.8759349547150572
akronswap,2024-10-07 00:00:00.000 UTC,5693.856671786774
sharkswap,2025-02-03 00:00:00.000 UTC,110961.54442881863
swapbased,2024-10-21 00:00:00.000 UTC,165558.6270259547
spacefi,2024-04-15 00:00:00.000 UTC,6.441535897516868e+06
zkswap_finance,2024-09-16 00:00:00.000 UTC,6.015168534320763e+06
velocimeter,2024-02-12 00:00:00.000 UTC,0.5057176003839999
glacier,2024-05-27 00:00:00.000 UTC,825.2980546617061
nuri,2024-07-08 00:00:00.000 UTC,4.283923056599409e+07
syncswap,2024-12-02 00:00:00.000 UTC,1.130237486641566e+07
bancor,2025-01-20 00:00:00.000 UTC,5.655253725678816e+06
zebra,2024-12-30 00:00:00.000 UTC,126924.19185230063
velocore,2024-12-09 00:00:00.000 UTC,17204.054623979264
icecreamswap,2024-06-24 00:00:00.000 UTC,1456.5721538365847
dfyn,2024-10-21 00:00:00.000 UTC,173105.1521206721
dooar,2024-12-02 00:00:00.000 UTC,4.935903757671274e+06
klay_swap,2024-12-30 00:00:00.000 UTC,2.4796769263708387e+06
apeswap,2024-08-05 00:00:00.000 UTC,8.041519124570638e+06
gridex,2024-05-13 00:00:00.000 UTC,248.34633760971792
xchange,2024-05-06 00:00:00.000 UTC,137680.52310710706
biswap,2024-12-09 00:00:00.000 UTC,1.4200194367854642e+07
tropicalswap,2024-07-01 00:00:00.000 UTC,861.7111805191563
spartadex,2024-06-24 00:00:00.000 UTC,126339.36929092545
zkswap_finance,2024-02-12 00:00:00.000 UTC,3.2964195192975197e+07
echodex,2024-02-19 00:00:00.000 UTC,84515.3935920538
bancor,2024-07-08 00:00:00.000 UTC,3.063735971747909e+06
infusion,2024-11-18 00:00:00.000 UTC,234393.91771637154
autotronic,2024-07-01 00:00:00.000 UTC,10.965956624516352
defi_kingdoms,2024-07-08 00:00:00.000 UTC,113058.74323827877
hyperjump,2025-01-27 00:00:00.000 UTC,0.0814184889122471
lynex,2024-07-01 00:00:00.000 UTC,1.0993457183083901e+08
biswap,2024-02-12 00:00:00.000 UTC,3.009207336122882e+07
kyberswap,2024-10-28 00:00:00.000 UTC,595630.7680242627
throne_exchange,2024-03-04 00:00:00.000 UTC,20.871278241691623
honeyswap,2024-09-30 00:00:00.000 UTC,197939.45665857784
ezkalibur,2025-01-13 00:00:00.000 UTC,32034.47902974048
verse_dex,2024-03-18 00:00:00.000 UTC,543552.8847150314
blazeswap,2024-08-19 00:00:00.000 UTC,686.2672490076627
pharaoh,2024-09-30 00:00:00.000 UTC,8.134411132661855e+07
solidly,2024-11-18 00:00:00.000 UTC,5.660349551886724e+07
xchange,2025-01-20 00:00:00.000 UTC,14118.330780316981
spookyswap,2024-08-26 00:00:00.000 UTC,9.906016616709506e+06
icecreamswap,2024-03-18 00:00:00.000 UTC,270.1936320933162
vesync,2024-11-11 00:00:00.000 UTC,142295.7212819292
scale,2024-03-04 00:00:00.000 UTC,491136.98198642395
arbswap,2025-01-13 00:00:00.000 UTC,17164.122213916387
oku,2024-07-15 00:00:00.000 UTC,1.695240270198898e+07
scrollswap,2024-03-25 00:00:00.000 UTC,124628.47206482833
wombatexchange,2024-11-04 00:00:00.000 UTC,16063.748850636486
synthetix,2024-02-12 00:00:00.000 UTC,3.1572105354814054e+06
nile,2024-07-15 00:00:00.000 UTC,1.04972584439405e+08
gemswap,2024-03-18 00:00:00.000 UTC,10050.757487482024
trader_joe,2024-03-18 00:00:00.000 UTC,2.0773452476430693e+09
kyberswap,2024-05-27 00:00:00.000 UTC,624682.5248120124
dodo,2024-06-24 00:00:00.000 UTC,1.0041985116773443e+09
akronswap,2025-01-13 00:00:00.000 UTC,1065.002872793664
trader_joe,2024-10-21 00:00:00.000 UTC,5.121048024759449e+08
0x-API,2024-02-26 00:00:00.000 UTC,2.293830833495797e+08
smardex,2024-03-25 00:00:00.000 UTC,599918.7365301223
ezkalibur,2024-07-29 00:00:00.000 UTC,14464.281789590066
airswap,2024-04-15 00:00:00.000 UTC,1.3359710710417032e+07
mento,2024-07-22 00:00:00.000 UTC,1.0994408510012614e+07
yoshiexchange,2024-05-13 00:00:00.000 UTC,0.0037930982987019425
camelot,2024-06-17 00:00:00.000 UTC,3.3676809361592805e+08
zyberswap,2024-04-08 00:00:00.000 UTC,22111.889327653967
sparkdex,2024-08-19 00:00:00.000 UTC,117.70967443028148
chronos,2024-08-05 00:00:00.000 UTC,41210.49949674342
yaka,2024-12-23 00:00:00.000 UTC,641467.8686848003
mdex,2025-02-10 00:00:00.000 UTC,85670.24231245228
scrollswap,2024-09-09 00:00:00.000 UTC,4712.996729117727
wigoswap,2024-09-30 00:00:00.000 UTC,2.940238359934365e+07
agni,2024-07-01 00:00:00.000 UTC,6.611350848860702e+07
throne_exchange,2025-02-10 00:00:00.000 UTC,19.489904406757972
fusionx,2024-04-08 00:00:00.000 UTC,3.578566075521512e+07
vesync,2024-09-09 00:00:00.000 UTC,43571.949080719234
plantbaseswap,2024-03-04 00:00:00.000 UTC,0.55255325006
wagmi,2024-03-25 00:00:00.000 UTC,181275.75481584106
carbon_defi,2024-06-24 00:00:00.000 UTC,521317.02148781845
gemswap,2024-12-02 00:00:00.000 UTC,4435.637845505657
defi_kingdoms,2024-04-15 00:00:00.000 UTC,63706.65967674875
bridgers,2024-10-21 00:00:00.000 UTC,<nil>
nomiswap,2024-06-03 00:00:00.000 UTC,599.0878963720126
defiswap,2024-09-02 00:00:00.000 UTC,629976.382749714
curve,2024-08-26 00:00:00.000 UTC,8.545689293448819e+08
sushiswap,2024-12-02 00:00:00.000 UTC,3.048213626068117e+08
autotronic,2024-05-27 00:00:00.000 UTC,6.208887340518791
balancer,2025-01-27 00:00:00.000 UTC,4.614321240193907e+08
kyberswap,2025-01-13 00:00:00.000 UTC,1.0890325678635282e+06
lynex,2024-03-25 00:00:00.000 UTC,2.8351329800591026e+07
curve,2025-01-27 00:00:00.000 UTC,2.338295115174802e+09
lynex,2024-09-30 00:00:00.000 UTC,7.13461836418601e+07
openxswap,2024-10-14 00:00:00.000 UTC,299.9643239717658
enosys,2024-02-12 00:00:00.000 UTC,1.1459110609978633e+06
throne_exchange,2024-06-03 00:00:00.000 UTC,63.76399162399066
rocketswap,2024-09-30 00:00:00.000 UTC,396200.95885331254
gemswap,2024-09-02 00:00:00.000 UTC,3754.740163336527
clipper,2024-03-25 00:00:00.000 UTC,1.1142154604167277e+07
alienbase,2025-01-13 00:00:00.000 UTC,1.627997172535249e+06
pharaoh,2024-11-25 00:00:00.000 UTC,2.4338820382029793e+08
thruster,2024-08-26 00:00:00.000 UTC,1.1830328736325285e+08
apeswap,2025-01-20 00:00:00.000 UTC,8.055222527147237e+06
arbswap,2025-02-03 00:00:00.000 UTC,18739.695300839358
scale,2024-04-08 00:00:00.000 UTC,3.612035605840305e+06
jelly_swap,2024-09-30 00:00:00.000 UTC,5.180821044614539e+06
trader_joe,2024-05-13 00:00:00.000 UTC,3.91750387131372e+08
clipper,2024-12-09 00:00:00.000 UTC,1.0590485804547772e+06
zipswap,2024-09-30 00:00:00.000 UTC,5404.949136028458
agni,2024-12-02 00:00:00.000 UTC,5.471152538141543e+07
valantis,2024-09-09 00:00:00.000 UTC,2.0144203287884488e+06
ellipsis_finance,2024-02-19 00:00:00.000 UTC,394305.9449624361
thena,2024-04-29 00:00:00.000 UTC,2.0531687041022706e+08
moonbase,2025-02-03 00:00:00.000 UTC,59.166738707160015
dragon_swap,2024-09-09 00:00:00.000 UTC,1.1813891419445012e+07
velocore,2024-10-07 00:00:00.000 UTC,6044.600343012393
citadelswap,2024-03-18 00:00:00.000 UTC,69010.65913724585
flashliquidity,2024-03-04 00:00:00.000 UTC,43.26066593688185
dfyn,2024-08-19 00:00:00.000 UTC,447469.0720573782
throne_exchange,2024-09-09 00:00:00.000 UTC,14.384905247222576
sharkyswap,2024-03-18 00:00:00.000 UTC,783.0132205805144
openxswap,2024-08-12 00:00:00.000 UTC,253.34904715598935
sushiswap,2024-12-23 00:00:00.000 UTC,2.1680753085673776e+08
glacier,2024-12-30 00:00:00.000 UTC,955.8881359053306
glacier,2025-01-20 00:00:00.000 UTC,1859.7152243225598
nuri,2024-06-17 00:00:00.000 UTC,5.157397021611168e+07
zkswap_finance,2024-04-15 00:00:00.000 UTC,3.9257156092872374e+07
katana,2024-06-17 00:00:00.000 UTC,3.686679460953575e+07
woofi,2024-07-01 00:00:00.000 UTC,5.942200272395029e+07
mdex,2024-05-06 00:00:00.000 UTC,4.0834297165109823e+06
uniswap,2024-12-09 00:00:00.000 UTC,2.665412631757263e+10
equalizer,2024-09-30 00:00:00.000 UTC,5.461856126058272e+06
honeyswap,2024-02-26 00:00:00.000 UTC,3.1017901908891476e+06
spookyswap,2024-12-16 00:00:00.000 UTC,1.7538190012285963e+07
dragon_swap,2024-03-25 00:00:00.000 UTC,1.6445096720741602e+07
otsea,2025-01-06 00:00:00.000 UTC,10902.47635797001
dracula_finance,2025-01-13 00:00:00.000 UTC,1278.6678753304252
pharaoh,2024-06-24 00:00:00.000 UTC,1.805034350948027e+07
spookyswap,2024-07-15 00:00:00.000 UTC,6.388719984949862e+06
blazeswap,2024-09-02 00:00:00.000 UTC,3186.7945547084305
dfyn,2024-02-26 00:00:00.000 UTC,2.6598758893103823e+06
spiritswap,2024-08-12 00:00:00.000 UTC,790242.2574510764
wombat,2024-11-18 00:00:00.000 UTC,367207.4546908565
mdex,2024-03-04 00:00:00.000 UTC,2.6644944361159798e+07
xchange,2024-03-04 00:00:00.000 UTC,2953.80840947988
ramses,2024-10-07 00:00:00.000 UTC,7.543508252813685e+07
mento,2025-01-27 00:00:00.000 UTC,1.1374610605727208e+08
dackieswap,2024-12-16 00:00:00.000 UTC,1.0021987237839277e+06
spacefi,2024-08-12 00:00:00.000 UTC,463325.1477867616
fraxswap,2024-04-15 00:00:00.000 UTC,1.4324205017436286e+07
fraxswap,2024-04-01 00:00:00.000 UTC,1.1793899731317801e+07
throne_exchange,2024-11-11 00:00:00.000 UTC,25.48150979770613
rcpswap,2024-04-29 00:00:00.000 UTC,230399.82451291732
zipswap,2024-03-25 00:00:00.000 UTC,9716.03644527607
0x-API,2024-09-02 00:00:00.000 UTC,2.2790425834196013e+08
plantbaseswap,2024-08-05 00:00:00.000 UTC,0.156425242606
neopin,2024-10-14 00:00:00.000 UTC,145590.63646212546
beets,2025-01-27 00:00:00.000 UTC,7.104749004960979e+06
chronos,2024-08-26 00:00:00.000 UTC,14647.739048698859
wombatexchange,2024-11-25 00:00:00.000 UTC,13850.753088386478
klay_swap,2024-09-02 00:00:00.000 UTC,3.186047936411397e+06
neopin,2024-04-22 00:00:00.000 UTC,225204.607062039
infusion,2024-03-11 00:00:00.000 UTC,1.7102984060113009e+06
equalizer,2024-12-23 00:00:00.000 UTC,9.974975431590497e+06
openxswap,2024-05-13 00:00:00.000 UTC,878.0717136761273
mento,2024-10-21 00:00:00.000 UTC,1.0660099845830032e+08
quickswap,2024-12-23 00:00:00.000 UTC,2.0334463236085975e+08
defi_kingdoms,2024-02-12 00:00:00.000 UTC,215943.37492063915
beethoven_x,2025-01-06 00:00:00.000 UTC,3.5700115703599085e+06
sharkyswap,2025-02-03 00:00:00.000 UTC,589.34481294724
spiritswap,2024-11-18 00:00:00.000 UTC,1.310053872542257e+06
nomiswap,2024-08-05 00:00:00.000 UTC,14562.057986158046
torus,2024-03-25 00:00:00.000 UTC,11.389345420533889
spartacus_exchange,2024-03-11 00:00:00.000 UTC,195.41558048237997
echodex,2024-10-14 00:00:00.000 UTC,3116.1163100381077
mauve,2024-03-04 00:00:00.000 UTC,400349.2825402365
velocimeter,2024-07-15 00:00:00.000 UTC,0.13012040741699998
leetswap,2024-11-25 00:00:00.000 UTC,0.025713047808
defi_kingdoms,2024-04-01 00:00:00.000 UTC,161833.16586478258
fusionx,2024-05-20 00:00:00.000 UTC,3.504670095182387e+07
fusionx,2024-07-01 00:00:00.000 UTC,1.1931166473535756e+07
dackieswap,2024-06-03 00:00:00.000 UTC,414866.72946681274
stablebase,2024-09-16 00:00:00.000 UTC,617.4884258849922
spartacus_exchange,2025-01-27 00:00:00.000 UTC,214.5325896957614
openocean,2024-04-29 00:00:00.000 UTC,8.041455236812689e+06
mdex,2024-05-27 00:00:00.000 UTC,2.9508094271579795e+06
apeswap,2024-07-15 00:00:00.000 UTC,1.0696209478426093e+07
uniswap,2025-02-10 00:00:00.000 UTC,3.654350301062318e+09
1inch-LOP,2024-08-12 00:00:00.000 UTC,9.788657891217497e+07
dooar,2024-09-30 00:00:00.000 UTC,4.590607572467767e+06
bancor,2025-01-06 00:00:00.000 UTC,2.4454820874841567e+06
valantis,2025-02-10 00:00:00.000 UTC,1.2528668241175609e+06
infusion,2024-09-23 00:00:00.000 UTC,371229.6869192814
fraxswap,2024-11-11 00:00:00.000 UTC,7.884719840499101e+06
quickswap,2024-10-21 00:00:00.000 UTC,2.5856986316701347e+08
baseswap,2024-07-01 00:00:00.000 UTC,1.0137071511717947e+08
ezkalibur,2024-12-30 00:00:00.000 UTC,4989.23370705176
swapr,2024-09-23 00:00:00.000 UTC,17.51431932070896
leetswap,2024-03-18 00:00:00.000 UTC,1.056406983351
spookyswap,2024-10-21 00:00:00.000 UTC,1.438777729302878e+07
dracula_finance,2024-11-11 00:00:00.000 UTC,1967.8030315705994
otsea,2024-07-15 00:00:00.000 UTC,757.945412628
sharkyswap,2024-12-02 00:00:00.000 UTC,434.1498987300006
arbswap,2024-12-30 00:00:00.000 UTC,9267.67918725671
camelot,2024-09-16 00:00:00.000 UTC,6.555529479594142e+08
rcpswap,2024-08-05 00:00:00.000 UTC,168869.91472712497
infusion,2024-06-24 00:00:00.000 UTC,649094.7963445652
nomiswap,2025-02-10 00:00:00.000 UTC,129.09670044424607
sobal,2024-07-08 00:00:00.000 UTC,1.4414121822239998
integral,2024-11-04 00:00:00.000 UTC,4.867997792345144e+07
gridex,2024-08-19 00:00:00.000 UTC,0.18189385728000002
mdex,2024-11-11 00:00:00.000 UTC,2.3736814702442787e+06
zebra,2024-02-26 00:00:00.000 UTC,5.516974771122417e+06
dodo,2024-04-22 00:00:00.000 UTC,6.528722858534621e+08
pancakeswap,2024-09-02 00:00:00.000 UTC,3.5600456161344185e+09
pancakeswap,2024-11-04 00:00:00.000 UTC,6.812566380808423e+09
torus,2024-04-08 00:00:00.000 UTC,9.569973815821962
integral,2024-03-25 00:00:00.000 UTC,3.0119025049695544e+07
clipper,2025-02-10 00:00:00.000 UTC,3.500970764398555e+06
wigoswap,2024-04-29 00:00:00.000 UTC,3.561670883551414e+06
merchant_moe,2024-02-19 00:00:00.000 UTC,8.921270709770119e+06
elk_finance,2025-01-27 00:00:00.000 UTC,29192.204239819555
pancakeswap,2025-02-03 00:00:00.000 UTC,1.929258266668307e+10
verse_dex,2024-09-02 00:00:00.000 UTC,201764.85300419838
ubeswap,2024-12-02 00:00:00.000 UTC,1.2315250687300533e+06
nile,2024-09-23 00:00:00.000 UTC,3.2842208706309553e+07
oasisswap,2024-03-04 00:00:00.000 UTC,22991.470022410816
baseswap,2024-09-30 00:00:00.000 UTC,1.5682945489391142e+08
velodrome,2024-03-04 00:00:00.000 UTC,7.925715332315743e+07
dackieswap,2024-09-16 00:00:00.000 UTC,203243.39380014004
horizondex,2024-12-23 00:00:00.000 UTC,1769.2431721866803
leetswap,2024-06-10 00:00:00.000 UTC,366.14494281929547
mute,2024-08-12 00:00:00.000 UTC,901531.8219222634
sharkswap,2024-12-02 00:00:00.000 UTC,43849.52845420671
scale,2024-05-27 00:00:00.000 UTC,300079.79959451495
horizondex,2025-02-03 00:00:00.000 UTC,2690.270478876066
alienbase,2025-02-10 00:00:00.000 UTC,247051.8715379081
leetswap,2024-09-02 00:00:00.000 UTC,5.006298888005145
flashliquidity,2024-08-05 00:00:00.000 UTC,400.38501687067185
fenix,2025-02-10 00:00:00.000 UTC,2545.591190945165
woofi,2024-12-23 00:00:00.000 UTC,1.0898032266703108e+08
swaap,2024-11-04 00:00:00.000 UTC,1.253539192933455e+08
uniswap,2024-06-03 00:00:00.000 UTC,1.3642872198031445e+10
swaap,2024-12-30 00:00:00.000 UTC,3.5355823218672097e+08
infusion,2024-08-12 00:00:00.000 UTC,201220.16552930794
alienbase,2024-07-29 00:00:00.000 UTC,608750.3575950653
thruster,2024-03-11 00:00:00.000 UTC,5.917046382003952e+08
carbon_defi,2024-11-25 00:00:00.000 UTC,2.971645580492733e+06
integral,2025-02-03 00:00:00.000 UTC,4.284345436997336e+07
agni,2024-09-09 00:00:00.000 UTC,1.0304500881975258e+07
kyberswap,2024-07-29 00:00:00.000 UTC,532897.1790105478
equalizer,2024-10-21 00:00:00.000 UTC,3.637851578574737e+06
kyberswap,2024-02-26 00:00:00.000 UTC,3.611269136147559e+06
spiritswap,2024-10-14 00:00:00.000 UTC,624317.1822180735
hyperjump,2024-10-21 00:00:00.000 UTC,0.19097216575405543
maverick,2024-05-13 00:00:00.000 UTC,2.0009641214349732e+08
vesync,2024-04-15 00:00:00.000 UTC,1.168810292611983e+06
airswap,2024-04-01 00:00:00.000 UTC,5.362395399687353e+06
maverick,2024-10-14 00:00:00.000 UTC,3.488767382682763e+08
tropicalswap,2024-09-30 00:00:00.000 UTC,708.4031509041299
flashliquidity,2025-01-20 00:00:00.000 UTC,164.90907480471412
stablebase,2024-03-11 00:00:00.000 UTC,84956.00304690827
equalizer,2024-07-22 00:00:00.000 UTC,1.7694099618574004e+06
nuri,2024-04-01 00:00:00.000 UTC,1.0642182610606072
babyswap,2024-12-16 00:00:00.000 UTC,4.604718991074505e+06
blasterswap,2025-01-13 00:00:00.000 UTC,61729.57182317214
katana,2024-03-04 00:00:00.000 UTC,2.2509869158001676e+08
dooar,2024-03-25 00:00:00.000 UTC,3.7728498047937416e+06
swapr,2024-06-24 00:00:00.000 UTC,140.3304895148697
defiswap,2024-07-01 00:00:00.000 UTC,795662.3318371329
blasterswap,2024-12-30 00:00:00.000 UTC,30940.588865665282
maverick,2024-07-15 00:00:00.000 UTC,1.2465620937899241e+08
dodo,2024-06-10 00:00:00.000 UTC,1.0346996239422511e+09
velodrome,2025-01-13 00:00:00.000 UTC,7.185312909284675e+08
derpdex,2025-02-03 00:00:00.000 UTC,6070.528501124556
rubicon,2024-02-12 00:00:00.000 UTC,970.3433054206653
iziswap,2024-09-30 00:00:00.000 UTC,1.8579034970221825e+07
biswap,2024-04-15 00:00:00.000 UTC,1.9132862984816533e+07
secta,2024-07-15 00:00:00.000 UTC,45702.25052388587
mummy_finance,2024-08-05 00:00:00.000 UTC,1.2652995838350444e+06
mdex,2024-12-30 00:00:00.000 UTC,2.712166055103878e+07
chronos,2024-08-12 00:00:00.000 UTC,16535.88755140689
zkswap_finance,2024-12-16 00:00:00.000 UTC,1.0181565259259699e+07
rcpswap,2024-07-29 00:00:00.000 UTC,88758.53890085005
wagmi,2024-09-09 00:00:00.000 UTC,5213.248618480114
rocketswap,2024-12-23 00:00:00.000 UTC,423690.14063753624
beethoven_x,2024-08-05 00:00:00.000 UTC,7.317220786180649e+06
auragi,2025-01-20 00:00:00.000 UTC,852.9820506734102
wardenswap,2024-02-19 00:00:00.000 UTC,68826.4516727948
nomiswap,2024-11-18 00:00:00.000 UTC,312656.29257414385
rocketswap,2024-07-01 00:00:00.000 UTC,300888.8273246219
elk_finance,2024-02-12 00:00:00.000 UTC,71356.88251309643
horizondex,2024-05-20 00:00:00.000 UTC,80370.67677135725
shibaswap,2024-02-19 00:00:00.000 UTC,1.1734791042336367e+07
wardenswap,2024-09-23 00:00:00.000 UTC,2037.247301088818
ubeswap,2024-04-08 00:00:00.000 UTC,1.2034259567647374e+06
wardenswap,2024-12-23 00:00:00.000 UTC,14848.632539312712
nomiswap,2024-06-17 00:00:00.000 UTC,5545.9256563374765
rubicon,2024-04-01 00:00:00.000 UTC,0.049179093348000004
glacier,2025-01-13 00:00:00.000 UTC,1942.9520876726212
agni,2024-05-27 00:00:00.000 UTC,4.577686482048128e+07
iziswap,2024-10-28 00:00:00.000 UTC,1.546009535525916e+07
alienbase,2024-05-27 00:00:00.000 UTC,904715.6830479242
dooar,2024-07-01 00:00:00.000 UTC,1.6357897721264747e+06
quickswap,2024-09-30 00:00:00.000 UTC,2.4050681015996054e+08
autotronic,2024-12-02 00:00:00.000 UTC,11.209654313336905
wombat,2024-09-23 00:00:00.000 UTC,916394.7680419643
klay_swap,2025-01-13 00:00:00.000 UTC,4.515697139754803e+06
spartadex,2024-11-25 00:00:00.000 UTC,74313.94227292287
mauve,2024-04-01 00:00:00.000 UTC,15771.999007224811
velodrome,2024-08-05 00:00:00.000 UTC,3.186219516002272e+08
oku,2024-10-14 00:00:00.000 UTC,1.3764445744125918e+07
flashliquidity,2025-01-06 00:00:00.000 UTC,140.19869737344192
horizondex,2024-04-29 00:00:00.000 UTC,43119.264289536964
throne_exchange,2024-08-05 00:00:00.000 UTC,56.396651429084116
camelot,2024-04-15 00:00:00.000 UTC,5.809792930661681e+08
akronswap,2024-11-04 00:00:00.000 UTC,1091.7545023990554
scrollswap,2024-04-08 00:00:00.000 UTC,32304.88655183602
solidlizard,2024-06-03 00:00:00.000 UTC,7802.009050363612
arbswap,2024-05-20 00:00:00.000 UTC,66910.23282727916
blazeswap,2025-02-03 00:00:00.000 UTC,541.6630403954007
auragi,2024-05-13 00:00:00.000 UTC,686.4232189505472
elk_finance,2024-05-13 00:00:00.000 UTC,50673.38555136086
zebra,2024-05-27 00:00:00.000 UTC,4.682527199211207e+06
swaap,2024-10-28 00:00:00.000 UTC,8.910357776926616e+07
uniswap,2024-04-15 00:00:00.000 UTC,1.7797942585241035e+10
openocean,2024-09-30 00:00:00.000 UTC,2.918843729291168e+07
openocean,2024-07-01 00:00:00.000 UTC,4.463792386972051e+06
thruster,2025-01-27 00:00:00.000 UTC,1.1784029945677109e+08
balancer,2024-06-24 00:00:00.000 UTC,8.734574367712169e+08
verse_dex,2024-09-23 00:00:00.000 UTC,160590.2874828852
auragi,2024-03-11 00:00:00.000 UTC,1654.5445420267397
synthetix,2024-09-16 00:00:00.000 UTC,230832.0772250145
tropicalswap,2024-12-02 00:00:00.000 UTC,53.160250080707996
honeyswap,2024-12-23 00:00:00.000 UTC,156123.7318778184
vesync,2024-04-01 00:00:00.000 UTC,798254.0522117965
spiritswap,2025-01-20 00:00:00.000 UTC,1.177464299484595e+06
merchant_moe,2024-12-23 00:00:00.000 UTC,786627.1686752939
swapbased,2024-05-13 00:00:00.000 UTC,533237.9052630722
blazeswap,2024-11-04 00:00:00.000 UTC,2405.545935010684
blasterswap,2024-04-29 00:00:00.000 UTC,2.0856379894878205e+07
oasisswap,2025-01-13 00:00:00.000 UTC,2434.060990656158
arbswap,2024-12-23 00:00:00.000 UTC,10131.606196597064
jelly_swap,2024-12-23 00:00:00.000 UTC,9.017048980508015e+06
zipswap,2024-12-02 00:00:00.000 UTC,16818.261721606952
derpdex,2024-09-02 00:00:00.000 UTC,5889.735560787494
xei_finance,2024-07-22 00:00:00.000 UTC,3.5492361116352607e+06
wagmi,2024-04-08 00:00:00.000 UTC,143655.06821574454
wardenswap,2024-04-22 00:00:00.000 UTC,17967.257237668495
defiswap,2025-02-03 00:00:00.000 UTC,895243.5219268901
fenix,2024-11-11 00:00:00.000 UTC,22380.966063406657
blasterswap,2024-02-26 00:00:00.000 UTC,1.5579073484974003e+06
ellipsis_finance,2024-05-13 00:00:00.000 UTC,165253.00110725124
shibaswap,2024-12-23 00:00:00.000 UTC,1.2967389826327065e+07
spartacus_exchange,2024-06-17 00:00:00.000 UTC,125.19353097679196
sushiswap,2024-09-30 00:00:00.000 UTC,1.4881692707067734e+08
gmx,2024-04-01 00:00:00.000 UTC,1.7418156724734887e+07
balancer,2024-08-26 00:00:00.000 UTC,4.2116489195267665e+08
spartadex,2024-09-30 00:00:00.000 UTC,18557.672425226017
solidly,2024-08-26 00:00:00.000 UTC,4.847137948997072e+07
syncswap,2024-09-09 00:00:00.000 UTC,9.72588421929705e+06
uniswap,2024-07-08 00:00:00.000 UTC,1.2061829725753675e+10
smardex,2024-07-01 00:00:00.000 UTC,274363.82009629975
mummy_finance,2024-03-04 00:00:00.000 UTC,1.1345895038624392e+06
echodex,2024-08-26 00:00:00.000 UTC,9844.160863512852
leetswap,2025-02-03 00:00:00.000 UTC,16.68609727680331
stablebase,2024-06-17 00:00:00.000 UTC,267.7645580843389
0x-API,2024-03-18 00:00:00.000 UTC,2.5798816343053406e+08
smardex,2025-02-03 00:00:00.000 UTC,106932.35381380936
integral,2024-09-09 00:00:00.000 UTC,3.409832550135614e+07
iziswap,2024-07-29 00:00:00.000 UTC,1.9574119398090616e+07
camelot,2024-07-08 00:00:00.000 UTC,1.055814511414225e+09
babyswap,2024-11-25 00:00:00.000 UTC,7.204983176697058e+06
auragi,2024-06-17 00:00:00.000 UTC,935.9717693982025
swapr,2024-04-22 00:00:00.000 UTC,70.99646760821364
beethoven_x,2024-08-26 00:00:00.000 UTC,6.794893039775754e+06
swapbased,2024-11-25 00:00:00.000 UTC,8.992933465110468e+06
scrollswap,2024-12-09 00:00:00.000 UTC,1443.5536759727802
blazeswap,2024-12-30 00:00:00.000 UTC,342.0177357253961
bancor,2024-07-15 00:00:00.000 UTC,6.562539797844752e+06
carbon_defi,2024-08-19 00:00:00.000 UTC,1.3302868273101305e+06
fusionx,2024-12-02 00:00:00.000 UTC,4.435331532256561e+06
aerodrome,2024-07-22 00:00:00.000 UTC,1.9512752640664303e+09
stablebase,2024-04-15 00:00:00.000 UTC,26256.66274011298
katana,2025-01-06 00:00:00.000 UTC,4.163294412514285e+07
jelly_swap,2024-06-24 00:00:00.000 UTC,900161.7798269753
tropicalswap,2025-01-13 00:00:00.000 UTC,19.94020022499
verse_dex,2024-08-19 00:00:00.000 UTC,194316.6716519485
klay_swap,2024-07-29 00:00:00.000 UTC,4.574065992965334e+06
sparkdex,2024-11-25 00:00:00.000 UTC,1.2549487702410743e+07
airswap,2024-02-12 00:00:00.000 UTC,4.989699723709628e+06
solidly,2024-10-14 00:00:00.000 UTC,3.10536526537856e+07
wombatexchange,2025-02-03 00:00:00.000 UTC,5066.3615949267005
sharkyswap,2024-09-02 00:00:00.000 UTC,271.3305374870157
neopin,2024-07-15 00:00:00.000 UTC,225660.19621658212
blazeswap,2024-07-29 00:00:00.000 UTC,2.714236690815028
mento,2024-02-19 00:00:00.000 UTC,7.780823892067746e+06
autotronic,2024-09-09 00:00:00.000 UTC,5.172389089918842
camelot,2024-04-01 00:00:00.000 UTC,7.288576202612219e+08
blasterswap,2024-07-29 00:00:00.000 UTC,1.6112455268255575e+06
swapr,2024-06-17 00:00:00.000 UTC,818.1683866782871
sharkswap,2024-09-02 00:00:00.000 UTC,27520.367696200257
throne_exchange,2024-09-16 00:00:00.000 UTC,24.9780951282234
lynex,2024-09-09 00:00:00.000 UTC,6.097051372954912e+07
aerodrome,2024-02-19 00:00:00.000 UTC,3.809192379514306e+07
syncswap,2024-12-09 00:00:00.000 UTC,1.680056378971239e+07
swapblast,2024-04-29 00:00:00.000 UTC,<nil>
solidly,2024-08-12 00:00:00.000 UTC,9.711745474065241e+07
katana,2024-08-05 00:00:00.000 UTC,5.1091676347626165e+07
nuri,2024-05-27 00:00:00.000 UTC,1.0852878864606686e+07
echodex,2024-03-11 00:00:00.000 UTC,81387.70225280192
spartacus_exchange,2024-08-26 00:00:00.000 UTC,144.09179578644915
biswap,2024-04-01 00:00:00.000 UTC,1.948974832545427e+07
aerodrome,2024-10-21 00:00:00.000 UTC,4.371720836682433e+09
oku,2024-12-09 00:00:00.000 UTC,2.548601775343467e+07
apeswap,2024-10-14 00:00:00.000 UTC,4.588454631937151e+06
velocore,2024-04-01 00:00:00.000 UTC,1.014793613774918e+07
dracula_finance,2025-01-06 00:00:00.000 UTC,864.0017891762483
derpdex,2024-05-20 00:00:00.000 UTC,28143.42576829449
integral,2024-05-20 00:00:00.000 UTC,6.4096410858455956e+07
dodo,2024-07-15 00:00:00.000 UTC,9.346438687881546e+08
fluid,2024-12-16 00:00:00.000 UTC,6.385644591276311e+08
quickswap,2024-11-04 00:00:00.000 UTC,3.740191465264771e+08
leetswap,2024-06-24 00:00:00.000 UTC,179.45889018418666
solidlizard,2024-03-11 00:00:00.000 UTC,6238.110391134085
thena,2024-12-23 00:00:00.000 UTC,7.852373275530459e+08
neopin,2024-12-16 00:00:00.000 UTC,187722.76356041862
spiritswap,2024-05-13 00:00:00.000 UTC,1.2897028312595808e+06
zebra,2024-11-11 00:00:00.000 UTC,2.330953528430123e+06
solidlizard,2024-11-18 00:00:00.000 UTC,507.39537715604837
defi_kingdoms,2024-10-07 00:00:00.000 UTC,43793.28443913277
velocimeter,2024-04-15 00:00:00.000 UTC,0.572336861705
silverswap,2025-01-06 00:00:00.000 UTC,3.158515891217341e+06
smardex,2024-07-22 00:00:00.000 UTC,265557.77337273693
oku,2024-08-26 00:00:00.000 UTC,1.6654769966644922e+07
quickswap,2024-03-25 00:00:00.000 UTC,5.08356126847885e+08
carbon_defi,2024-11-04 00:00:00.000 UTC,1.223338450323518e+06
ubeswap,2024-03-04 00:00:00.000 UTC,1.201848904737951e+06
mdex,2024-12-02 00:00:00.000 UTC,4.58525386473026e+06
wombat,2024-05-06 00:00:00.000 UTC,2.7626175213903133e+06
leetswap,2024-10-14 00:00:00.000 UTC,1.7941084314823446
dooar,2024-08-05 00:00:00.000 UTC,1.9352703946875883e+06
spartadex,2024-05-13 00:00:00.000 UTC,100069.8123629644
gravity_finance,2024-11-18 00:00:00.000 UTC,105.48406113020002
zipswap,2024-11-11 00:00:00.000 UTC,17994.22884234486
merchant_moe,2024-03-25 00:00:00.000 UTC,2.40815483694308e+07
moonbase,2024-07-01 00:00:00.000 UTC,34.09076769822545
zyberswap,2024-11-11 00:00:00.000 UTC,3737.6031126407124
zebra,2024-04-01 00:00:00.000 UTC,5.152668918599397e+06
ellipsis_finance,2024-07-01 00:00:00.000 UTC,393165.0557161579
sushiswap,2024-05-13 00:00:00.000 UTC,1.6358891451836696e+08
lynex,2024-02-19 00:00:00.000 UTC,5.694713816299839e+06
fenix,2024-12-09 00:00:00.000 UTC,101675.75882376358
swapblast,2024-09-02 00:00:00.000 UTC,<nil>
kyberswap,2024-04-01 00:00:00.000 UTC,1.7606033255287083e+06
alienbase,2024-04-15 00:00:00.000 UTC,1.098817938536804e+06
wardenswap,2024-08-12 00:00:00.000 UTC,2739.9649506711653
syncswap,2025-01-20 00:00:00.000 UTC,2.1283239754871026e+07
clipper,2024-08-05 00:00:00.000 UTC,2.7820718474189438e+07
woofi,2024-02-26 00:00:00.000 UTC,1.4387422503261882e+08
glacier,2024-09-30 00:00:00.000 UTC,343.22033498601337
sobal,2024-09-02 00:00:00.000 UTC,2.2334159897671477
clipper,2025-01-06 00:00:00.000 UTC,1.325581034377201e+07
0x-API,2024-10-07 00:00:00.000 UTC,9.445501768966118e+07
zkswap_finance,2024-11-11 00:00:00.000 UTC,2.593624473390084e+07
flashliquidity,2024-12-02 00:00:00.000 UTC,144.7387870351983
flashliquidity,2024-04-08 00:00:00.000 UTC,200.54289326840475
wombatexchange,2024-12-16 00:00:00.000 UTC,20972.604804156716
zkswap_finance,2024-03-04 00:00:00.000 UTC,7.029481148270638e+07
wombat_exchange,2024-05-20 00:00:00.000 UTC,408021.40816893295
glacier,2024-12-02 00:00:00.000 UTC,1885.1353522090249
timeswap,2024-02-19 00:00:00.000 UTC,<nil>
katana,2024-12-16 00:00:00.000 UTC,1.3568702670794672e+08
agni,2024-07-22 00:00:00.000 UTC,1.9251749392896983e+08
spacefi,2024-02-19 00:00:00.000 UTC,1.1086369544058938e+07
scrollswap,2024-05-06 00:00:00.000 UTC,32400.96773793746
gemswap,2024-10-21 00:00:00.000 UTC,2474.2756223168526
mummy_finance,2024-09-16 00:00:00.000 UTC,173256.16797926172
wombatexchange,2025-01-13 00:00:00.000 UTC,10350.41019904407
vesync,2025-01-06 00:00:00.000 UTC,7836.8652165898775
sterling_finance,2024-04-08 00:00:00.000 UTC,200.99213535234398
blasterswap,2024-03-18 00:00:00.000 UTC,9.68707791339395e+06
dracula_finance,2024-06-17 00:00:00.000 UTC,4786.89345643013
uniswap,2024-04-29 00:00:00.000 UTC,1.5014647827728376e+10
pancakeswap,2024-03-25 00:00:00.000 UTC,1.0924900015743454e+10
camelot,2024-10-28 00:00:00.000 UTC,8.053166863952854e+08
velodrome,2024-07-01 00:00:00.000 UTC,2.792872186016807e+08
derpdex,2024-12-02 00:00:00.000 UTC,3302.898706987972
maverick,2024-09-02 00:00:00.000 UTC,1.4481367459855318e+08
1inch-LOP,2024-05-06 00:00:00.000 UTC,8.142726214832681e+07
equalizer,2024-04-08 00:00:00.000 UTC,2.455286198932184e+07
sobal,2024-08-19 00:00:00.000 UTC,7.788411493537564
honeyswap,2024-04-08 00:00:00.000 UTC,2.6630232251149793e+06
swapbased,2024-09-30 00:00:00.000 UTC,86312.88883714593
klay_swap,2024-12-09 00:00:00.000 UTC,8.3314209757731855e+06
jelly_swap,2024-08-26 00:00:00.000 UTC,1.9961752525138238e+06
vesync,2024-02-12 00:00:00.000 UTC,756003.6265359342
vesync,2024-02-26 00:00:00.000 UTC,1.3709382123785834e+06
leetswap,2024-07-15 00:00:00.000 UTC,29.90363658938947
aerodrome,2024-06-24 00:00:00.000 UTC,1.144334650154869e+09
dfx,2024-11-18 00:00:00.000 UTC,5752.9095
aerodrome,2024-04-08 00:00:00.000 UTC,4.3733580830539334e+08
enosys,2024-11-11 00:00:00.000 UTC,899678.3756706064
biswap,2024-08-12 00:00:00.000 UTC,6.29382171398612e+06
gravity_finance,2024-12-02 00:00:00.000 UTC,170.71201205990002
alienbase,2024-07-01 00:00:00.000 UTC,1.3154118276809268e+06
solidlizard,2024-02-19 00:00:00.000 UTC,795.9963146023031
swapr,2024-10-14 00:00:00.000 UTC,4.891676084839043
wigoswap,2024-09-02 00:00:00.000 UTC,1.8196076373260565e+07
alienbase,2024-09-16 00:00:00.000 UTC,362079.5493347262
neopin,2024-09-02 00:00:00.000 UTC,126077.13465952758
valantis,2024-12-23 00:00:00.000 UTC,1.5172793722422816e+07
openxswap,2024-09-16 00:00:00.000 UTC,3363.9360489270307
mento,2024-12-02 00:00:00.000 UTC,2.1407005461012107e+08
spookyswap,2024-04-15 00:00:00.000 UTC,4.058413074169172e+07
shibaswap,2024-11-18 00:00:00.000 UTC,2.242305998073744e+07
beethoven_x,2024-06-24 00:00:00.000 UTC,4.980151663874219e+06
swaap,2024-08-19 00:00:00.000 UTC,1.7851289500406183e+07
sushiswap,2025-01-27 00:00:00.000 UTC,2.8138969442503613e+08
lynex,2024-03-04 00:00:00.000 UTC,3.6507715679382086e+07
0x-API,2024-07-08 00:00:00.000 UTC,1.0408842975960286e+08
dackieswap,2024-10-21 00:00:00.000 UTC,78005.4277894542
icecreamswap,2024-10-28 00:00:00.000 UTC,1273.2864357638712
wardenswap,2024-03-11 00:00:00.000 UTC,74002.77905886908
rocketswap,2024-03-04 00:00:00.000 UTC,1.5109231492040078e+06
quickswap,2024-06-24 00:00:00.000 UTC,2.134037481834066e+08
woofi,2024-03-04 00:00:00.000 UTC,5.098269388674487e+07
quickswap,2024-09-09 00:00:00.000 UTC,2.6978957892632246e+08
xei_finance,2024-12-02 00:00:00.000 UTC,513289.2522410905
icecreamswap,2024-12-30 00:00:00.000 UTC,2176.933548635727
echodex,2024-04-15 00:00:00.000 UTC,54908.740548688096
defi_kingdoms,2024-03-11 00:00:00.000 UTC,340446.3268267308
camelot,2025-01-27 00:00:00.000 UTC,8.74950265062493e+08
solidly,2024-12-09 00:00:00.000 UTC,5.1869488189017326e+07
quickswap,2025-02-10 00:00:00.000 UTC,4.488629747120341e+07
dodo,2024-05-06 00:00:00.000 UTC,1.2476036966901333e+09
zipswap,2024-05-13 00:00:00.000 UTC,8207.249976643387
verse_dex,2024-07-15 00:00:00.000 UTC,131541.9503652192
synthetix,2024-10-28 00:00:00.000 UTC,286939.0158741236
camelot,2024-12-30 00:00:00.000 UTC,4.91029419175724e+08
apeswap,2024-11-18 00:00:00.000 UTC,1.6612926086093986e+07
solidly,2024-09-16 00:00:00.000 UTC,3.3854286889751256e+07
integral,2024-07-22 00:00:00.000 UTC,3.811190072921649e+07
defi_kingdoms,2024-08-26 00:00:00.000 UTC,54034.542990531074
katana,2024-04-29 00:00:00.000 UTC,4.4152155537042096e+07
ramses,2024-05-20 00:00:00.000 UTC,4.435183187419199e+08
thena,2025-02-10 00:00:00.000 UTC,1.8483268719817245e+08
dooar,2024-11-11 00:00:00.000 UTC,3.890221895583687e+06
velocore,2024-08-12 00:00:00.000 UTC,12842.32331552501
solidlizard,2024-10-21 00:00:00.000 UTC,700.0274785104423
velocore,2024-05-27 00:00:00.000 UTC,5.63469663579022e+06
scrollswap,2024-11-04 00:00:00.000 UTC,1953.2377295924223
nuri,2024-07-29 00:00:00.000 UTC,7.637375833124943e+07
xei_finance,2024-06-10 00:00:00.000 UTC,10075.372768431924
swaap,2024-03-18 00:00:00.000 UTC,1.2621420921916913e+07
1inch-LOP,2024-12-23 00:00:00.000 UTC,1.4147029764283767e+08
uniswap,2025-01-13 00:00:00.000 UTC,2.6012327668776875e+10
pancakeswap,2024-11-25 00:00:00.000 UTC,8.622470648846754e+09
uniswap,2024-07-29 00:00:00.000 UTC,1.6246903844820837e+10
synthetix,2024-03-11 00:00:00.000 UTC,3.385427467935331e+06
openocean,2024-08-05 00:00:00.000 UTC,3.724364559733464e+07
trader_joe,2024-07-15 00:00:00.000 UTC,7.898932384780426e+08
akronswap,2024-08-19 00:00:00.000 UTC,245.14408571382748
nomiswap,2024-12-16 00:00:00.000 UTC,27329.70127040318
carbon_defi,2024-05-13 00:00:00.000 UTC,71350.09170871056
echodex,2024-04-01 00:00:00.000 UTC,207156.59199190582
horizondex,2024-09-23 00:00:00.000 UTC,4719.990814516077
opx_finance,2024-02-12 00:00:00.000 UTC,52781.9414505438
sharkyswap,2024-10-21 00:00:00.000 UTC,217.40398256162638
mento,2024-07-01 00:00:00.000 UTC,1.3391124624085987e+07
dfyn,2024-09-23 00:00:00.000 UTC,234299.48535312962
trader_joe,2024-04-22 00:00:00.000 UTC,4.4175794473699594e+08
solidly,2024-04-15 00:00:00.000 UTC,7.1785236335029e+07
swapbased,2024-02-12 00:00:00.000 UTC,45250.04544322284
rcpswap,2024-06-17 00:00:00.000 UTC,81797.08303500472
flashliquidity,2025-02-10 00:00:00.000 UTC,31.846634937560257
openocean,2024-11-11 00:00:00.000 UTC,6.661123975891126e+07
zipswap,2024-10-21 00:00:00.000 UTC,4449.38736998455
pharaoh,2024-05-13 00:00:00.000 UTC,1.5290867465488296e+07
neopin,2024-11-25 00:00:00.000 UTC,687358.926645592
dooar,2024-03-04 00:00:00.000 UTC,3.9811983917945498e+06
swapr,2025-01-06 00:00:00.000 UTC,10.085700153628924
openxswap,2024-04-01 00:00:00.000 UTC,6536.4527287457495
jelly_swap,2024-08-12 00:00:00.000 UTC,1.738007432190621e+06
spookyswap,2024-06-17 00:00:00.000 UTC,1.0051199687095268e+07
zyberswap,2025-01-06 00:00:00.000 UTC,4541.848421996431
shibaswap,2024-06-10 00:00:00.000 UTC,5.166912458737773e+06
sharkyswap,2025-01-13 00:00:00.000 UTC,462.1522258508062
dracula_finance,2024-12-02 00:00:00.000 UTC,777.8760570715338
blasterswap,2024-11-25 00:00:00.000 UTC,86187.87156902203
mdex,2024-09-30 00:00:00.000 UTC,4.340199296933562e+06
clipper,2024-11-04 00:00:00.000 UTC,2.7939028057968635e+07
leetswap,2025-01-13 00:00:00.000 UTC,1.311977156299
quickswap,2024-05-27 00:00:00.000 UTC,2.806336485821353e+08
gemswap,2024-02-19 00:00:00.000 UTC,3310.9266892858
ubeswap,2025-01-27 00:00:00.000 UTC,253501.6028283598
iziswap,2024-09-09 00:00:00.000 UTC,1.298137668696669e+07
icecreamswap,2024-05-13 00:00:00.000 UTC,2342.3421941487936
secta,2024-05-20 00:00:00.000 UTC,168314.02110432344
citadelswap,2024-10-21 00:00:00.000 UTC,2828.2545386945817
klay_swap,2024-07-08 00:00:00.000 UTC,3.832679152133521e+06
carbon_defi,2024-07-29 00:00:00.000 UTC,1.2313898891352133e+06
baseswap,2024-11-11 00:00:00.000 UTC,2.1893660595412686e+08
gmx,2025-01-27 00:00:00.000 UTC,6.251768837051224e+06
iziswap,2025-02-10 00:00:00.000 UTC,1.2768764537223822e+06
solidly,2024-04-01 00:00:00.000 UTC,7.458099239473239e+07
sharkswap,2024-07-22 00:00:00.000 UTC,25135.5379282387
kyberswap,2024-03-25 00:00:00.000 UTC,2.6048528647292666e+06
ramses,2024-09-02 00:00:00.000 UTC,2.609025999040435e+08
yaka,2024-11-25 00:00:00.000 UTC,3.7564538478536815e+06
ezkalibur,2024-11-25 00:00:00.000 UTC,7566.530132438426
zyberswap,2024-12-30 00:00:00.000 UTC,2523.3448203745797
enosys,2025-02-10 00:00:00.000 UTC,11135.762054168317
nuri,2024-10-14 00:00:00.000 UTC,8.547827877523595e+07
thruster,2024-12-09 00:00:00.000 UTC,1.2898999944009508e+08
sharkswap,2024-02-19 00:00:00.000 UTC,27306.040284526618
tropicalswap,2024-11-11 00:00:00.000 UTC,76.372895677874
wombat_exchange,2025-01-06 00:00:00.000 UTC,54429.590983854825
soswap,2024-07-01 00:00:00.000 UTC,66988.24249446348
mento,2024-04-08 00:00:00.000 UTC,1.7988162403979056e+07
otsea,2024-04-08 00:00:00.000 UTC,0.005225076535899999
sushiswap,2024-08-12 00:00:00.000 UTC,1.3984966126543936e+08
1inch-LOP,2024-12-16 00:00:00.000 UTC,4.1254895026536363e+08
torus,2025-01-06 00:00:00.000 UTC,5.643527994221341
aerodrome,2024-09-09 00:00:00.000 UTC,1.700617724193405e+09
balancer,2024-02-12 00:00:00.000 UTC,6.880526203632289e+08
iziswap,2024-03-18 00:00:00.000 UTC,6.506138810530006e+07
dragon_swap,2024-12-23 00:00:00.000 UTC,3.3604712123783246e+07
zipswap,2024-08-12 00:00:00.000 UTC,6783.088143959658
0x-API,2024-04-22 00:00:00.000 UTC,1.8354219743635282e+08
infusion,2024-12-23 00:00:00.000 UTC,186441.9039040271
swaap,2024-04-15 00:00:00.000 UTC,9.654742584457252e+06
smardex,2024-12-23 00:00:00.000 UTC,213602.13260249025
synthetix,2024-08-12 00:00:00.000 UTC,377907.85042313015
dackieswap,2024-08-05 00:00:00.000 UTC,482226.9537418296
nuri,2024-02-26 00:00:00.000 UTC,81.01870381120285
wombat_exchange,2024-11-04 00:00:00.000 UTC,6318.4797585728875
velodrome,2024-06-17 00:00:00.000 UTC,2.598959615323369e+08
echodex,2024-07-08 00:00:00.000 UTC,43375.100999122034
pharaoh,2024-08-12 00:00:00.000 UTC,3.223356103223345e+07
merchant_moe,2024-04-08 00:00:00.000 UTC,2.0330741596582897e+07
wardenswap,2024-11-18 00:00:00.000 UTC,9241.548140382689
spookyswap,2024-06-03 00:00:00.000 UTC,1.0747615853288779e+07
nile,2024-05-20 00:00:00.000 UTC,2.351488217493541e+08
zebra,2024-09-30 00:00:00.000 UTC,6.993993909384977e+06
bancor,2024-04-08 00:00:00.000 UTC,4.171372944161005e+07
pancakeswap,2024-04-22 00:00:00.000 UTC,5.663836666991936e+09
uniswap,2024-10-14 00:00:00.000 UTC,1.2412364758874132e+10
fenix,2024-09-30 00:00:00.000 UTC,3818.0012187347834
stablebase,2024-12-30 00:00:00.000 UTC,412.2351694525791
agni,2024-05-06 00:00:00.000 UTC,8.510662543282342e+07
airswap,2024-08-26 00:00:00.000 UTC,4.346652255456054e+06
vesync,2024-10-14 00:00:00.000 UTC,37236.93026148963
oasisswap,2024-11-25 00:00:00.000 UTC,8254.078212906015
thruster,2024-04-15 00:00:00.000 UTC,3.8391694407932323e+08
neopin,2024-08-12 00:00:00.000 UTC,102880.69623661008
thena,2024-11-11 00:00:00.000 UTC,5.681672885660491e+08
biswap,2024-05-27 00:00:00.000 UTC,7.02787817340472e+06
spartadex,2024-08-12 00:00:00.000 UTC,24030.67096382056
enosys,2024-03-18 00:00:00.000 UTC,1.375543815646145e+06
enosys,2024-06-03 00:00:00.000 UTC,2.3697563769811243e+06
wagmi,2024-05-06 00:00:00.000 UTC,80073.50275373817
moonbase,2024-12-02 00:00:00.000 UTC,9.452104079944446
moonbase,2024-12-16 00:00:00.000 UTC,61.89890555251026
secta,2024-03-18 00:00:00.000 UTC,529533.7093946906
pharaoh,2024-08-26 00:00:00.000 UTC,4.6451214146229684e+07
velocore,2024-08-26 00:00:00.000 UTC,9979.609190318184
glacier,2024-07-01 00:00:00.000 UTC,835.8335966997647
nile,2025-01-20 00:00:00.000 UTC,4.3545572568186216e+07
tropicalswap,2024-11-04 00:00:00.000 UTC,0.222630352822
shibaswap,2024-04-08 00:00:00.000 UTC,1.2635677504893394e+07
autotronic,2024-10-21 00:00:00.000 UTC,5.796861312210801
baseswap,2025-02-10 00:00:00.000 UTC,1.513652548380441e+07
sushiswap,2024-11-11 00:00:00.000 UTC,2.4609737697980866e+08
uniswap,2024-12-30 00:00:00.000 UTC,1.8967905976140694e+10
airswap,2024-05-27 00:00:00.000 UTC,1.5805557921175404e+07
syncswap,2024-02-26 00:00:00.000 UTC,3.125315722714489e+08
citadelswap,2025-01-13 00:00:00.000 UTC,4958.6651594122695
sharkyswap,2024-04-29 00:00:00.000 UTC,357.2034399222297
otsea,2024-09-16 00:00:00.000 UTC,2173.35477718152
glacier,2024-09-16 00:00:00.000 UTC,338.7326329758455
oasisswap,2024-04-01 00:00:00.000 UTC,18189.910489710994
honeyswap,2024-05-27 00:00:00.000 UTC,218317.3079162226
elk_finance,2024-03-18 00:00:00.000 UTC,103139.60798031188
maverick,2024-08-19 00:00:00.000 UTC,1.4448269137465113e+08
dodo,2024-08-05 00:00:00.000 UTC,2.0227962792985215e+09
wagmi,2024-10-21 00:00:00.000 UTC,4802.622314830417
bancor,2024-03-25 00:00:00.000 UTC,7.557781228760176e+06
babyswap,2024-02-26 00:00:00.000 UTC,8.272938174396096e+06
rcpswap,2024-06-03 00:00:00.000 UTC,120379.94565653111
swapr,2024-05-06 00:00:00.000 UTC,656.6865659315118
synthetix,2024-05-13 00:00:00.000 UTC,1.6043082099010458e+06
arbswap,2024-11-25 00:00:00.000 UTC,19394.845862163686
plantbaseswap,2024-12-02 00:00:00.000 UTC,0.148023871848
leetswap,2024-12-16 00:00:00.000 UTC,1.4450899551536196
defiswap,2024-02-19 00:00:00.000 UTC,784250.2288457595
ezkalibur,2024-11-11 00:00:00.000 UTC,14343.926561913715
spookyswap,2024-11-18 00:00:00.000 UTC,1.3307672140778044e+07
thruster,2024-09-16 00:00:00.000 UTC,8.69400542451472e+07
spiritswap,2024-04-01 00:00:00.000 UTC,1.2421928973667182e+06
zipswap,2024-09-02 00:00:00.000 UTC,6363.043260906142
rubicon,2024-11-11 00:00:00.000 UTC,11392.932130332862
blazeswap,2024-12-02 00:00:00.000 UTC,3650.2886211962914
verse_dex,2024-10-14 00:00:00.000 UTC,162837.7763556448
uniswap,2024-02-26 00:00:00.000 UTC,1.921687870491888e+10
xchange,2024-04-22 00:00:00.000 UTC,921.3341227942111
smardex,2024-05-06 00:00:00.000 UTC,200874.3081923466
xei_finance,2024-09-09 00:00:00.000 UTC,223724.89977902264
blasterswap,2024-11-11 00:00:00.000 UTC,100224.06854689469
camelot,2024-07-29 00:00:00.000 UTC,1.2309630047442107e+09
secta,2024-08-19 00:00:00.000 UTC,56316.431318374096
biswap,2024-08-26 00:00:00.000 UTC,1.4744600164047861e+07
baseswap,2024-08-12 00:00:00.000 UTC,1.0011518684710938e+08
punkswap,2024-10-07 00:00:00.000 UTC,<nil>
nuri,2024-04-29 00:00:00.000 UTC,2.493809303835403e+06
pharaoh,2024-10-21 00:00:00.000 UTC,6.751861626005742e+07
scale,2024-02-12 00:00:00.000 UTC,348959.51850981364
throne_exchange,2024-07-15 00:00:00.000 UTC,10.321110498684192
spookyswap,2024-09-16 00:00:00.000 UTC,9.383527720625648e+06
elk_finance,2024-08-19 00:00:00.000 UTC,108452.19599114216
stablebase,2025-01-13 00:00:00.000 UTC,1554.498955139812
mento,2024-03-25 00:00:00.000 UTC,1.1749640961528715e+07
sharkswap,2024-10-21 00:00:00.000 UTC,27419.553487174875
defiswap,2024-10-21 00:00:00.000 UTC,1.5790943689360227e+06
blazeswap,2024-12-09 00:00:00.000 UTC,506.2366111278052
fenix,2024-12-23 00:00:00.000 UTC,105054.59459586824
baseswap,2024-05-27 00:00:00.000 UTC,2.8371505127477095e+07
kyberswap,2024-04-15 00:00:00.000 UTC,1.0267433305648996e+06
hyperjump,2024-12-02 00:00:00.000 UTC,0.08287466479280259
elk_finance,2024-09-16 00:00:00.000 UTC,139495.24113744186
dracula_finance,2024-04-08 00:00:00.000 UTC,107249.99308253214
mdex,2024-07-01 00:00:00.000 UTC,7.978276722364975e+06
spartadex,2024-08-26 00:00:00.000 UTC,64143.431372627776
sterling_finance,2024-08-12 00:00:00.000 UTC,51.91963366709899
scrollswap,2025-01-13 00:00:00.000 UTC,2031.9863867261508
spiritswap,2024-07-08 00:00:00.000 UTC,564483.1833157103
quickswap,2024-12-02 00:00:00.000 UTC,4.7240957425365293e+08
leetswap,2024-04-29 00:00:00.000 UTC,29.337757836324656
chronos,2024-11-25 00:00:00.000 UTC,19953.382070320225
synthetix,2024-11-04 00:00:00.000 UTC,280553.22490417387
swapr,2024-08-05 00:00:00.000 UTC,316.82033669794185
ellipsis_finance,2024-04-01 00:00:00.000 UTC,326816.6213618525
autotronic,2025-01-20 00:00:00.000 UTC,7.854753556655934
equalizer,2024-08-12 00:00:00.000 UTC,2.896365697478371e+06
fusionx,2024-07-22 00:00:00.000 UTC,8.1753710576381525e+06
defi_kingdoms,2024-11-18 00:00:00.000 UTC,204642.0910573326
defi_kingdoms,2024-10-28 00:00:00.000 UTC,105859.63815295509
oku,2025-01-27 00:00:00.000 UTC,2.76750135895104e+07
balancer,2024-09-30 00:00:00.000 UTC,3.563316157217114e+08
elk_finance,2024-04-15 00:00:00.000 UTC,115736.494817279
equalizer,2024-03-11 00:00:00.000 UTC,3.754105631711094e+06
xchange,2024-12-02 00:00:00.000 UTC,61187.361422957125
beethoven_x,2024-11-25 00:00:00.000 UTC,1.493875738970299e+07
ramses,2024-08-05 00:00:00.000 UTC,4.1696893309371144e+08
wagmi,2024-08-05 00:00:00.000 UTC,25895.58157055759
icecreamswap,2025-01-27 00:00:00.000 UTC,5716.8618749335255
dragon_swap,2024-10-21 00:00:00.000 UTC,1.812200985477062e+07
blazeswap,2024-09-23 00:00:00.000 UTC,3302.131681443875
mummy_finance,2024-06-03 00:00:00.000 UTC,155678.9762667797
bridgers,2024-09-23 00:00:00.000 UTC,<nil>
solidlizard,2024-07-22 00:00:00.000 UTC,4203.82332808959
beethoven_x,2024-09-23 00:00:00.000 UTC,8.917584477917293e+06
camelot,2024-05-13 00:00:00.000 UTC,2.5192840703511813e+08
fluid,2024-11-18 00:00:00.000 UTC,4.2607360234060824e+08
shibaswap,2024-03-25 00:00:00.000 UTC,1.774535330819509e+07
dracula_finance,2024-06-03 00:00:00.000 UTC,20519.98599872835
uniswap,2024-05-13 00:00:00.000 UTC,1.1494388443231588e+10
spacefi,2024-10-07 00:00:00.000 UTC,204616.61627504422
levinswap,2024-11-18 00:00:00.000 UTC,0.508694739585
carbon_defi,2024-10-28 00:00:00.000 UTC,358987.94864019076
oasisswap,2024-09-09 00:00:00.000 UTC,3970.5826372615047
alienbase,2024-09-30 00:00:00.000 UTC,405616.7306483008
scale,2024-09-30 00:00:00.000 UTC,322388.3563780992
auragi,2024-12-09 00:00:00.000 UTC,1042.053860175848
throne_exchange,2024-12-16 00:00:00.000 UTC,23.199127722403095
sparkdex,2024-07-29 00:00:00.000 UTC,12096.512360176997
wombat_exchange,2024-08-05 00:00:00.000 UTC,152550.43029579154
camelot,2024-08-26 00:00:00.000 UTC,7.839505853121105e+08
xchange,2024-03-25 00:00:00.000 UTC,2203.156573086029
clipper,2025-01-20 00:00:00.000 UTC,1.871506713512224e+07
wombat_exchange,2025-02-03 00:00:00.000 UTC,32271.71139689787
dfx,2024-04-08 00:00:00.000 UTC,9296.05152237512
horizondex,2024-11-25 00:00:00.000 UTC,4359.475684867737
dragon_swap,2024-10-07 00:00:00.000 UTC,2.837407745277999e+07
gemswap,2024-07-22 00:00:00.000 UTC,2772.132331404255
wombat,2025-01-06 00:00:00.000 UTC,216542.353241982
spartacus_exchange,2024-12-09 00:00:00.000 UTC,253.25072163656606
ezkalibur,2024-03-25 00:00:00.000 UTC,614893.645354954
solidlizard,2025-01-13 00:00:00.000 UTC,181.74216577623585
wagmi,2024-03-04 00:00:00.000 UTC,164132.83724674652
lynex,2024-05-06 00:00:00.000 UTC,9.154784610518734e+07
syncswap,2024-10-14 00:00:00.000 UTC,1.1776791986562818e+07
kyberswap,2024-12-09 00:00:00.000 UTC,1.4589246034676225e+06
zipswap,2025-01-27 00:00:00.000 UTC,14089.554342608664
apeswap,2024-09-09 00:00:00.000 UTC,7.81438514213447e+06
fraxswap,2024-02-12 00:00:00.000 UTC,1.1929655457284082e+07
fusionx,2024-07-29 00:00:00.000 UTC,1.3210842170883192e+07
honeyswap,2024-03-25 00:00:00.000 UTC,1.2063267255512313e+06
bancor,2024-05-27 00:00:00.000 UTC,6.256183841981263e+06
iziswap,2024-06-24 00:00:00.000 UTC,2.0210387507843725e+07
oasisswap,2024-04-15 00:00:00.000 UTC,15496.708746458547
bancor,2024-03-11 00:00:00.000 UTC,1.462377852461292e+07
dracula_finance,2024-07-01 00:00:00.000 UTC,4464.596124016108
iziswap,2024-12-02 00:00:00.000 UTC,1.1509369005156906e+07
bridgers,2024-12-02 00:00:00.000 UTC,<nil>
woofi,2024-11-11 00:00:00.000 UTC,9.739390668164045e+07
mummy_finance,2024-06-17 00:00:00.000 UTC,423262.5256931006
tropicalswap,2025-02-10 00:00:00.000 UTC,2.7489761248459996
thena,2024-05-27 00:00:00.000 UTC,1.7333414311852217e+08
shibaswap,2024-09-02 00:00:00.000 UTC,4.10166408159362e+06
chronos,2024-06-24 00:00:00.000 UTC,14820.388288887458
ellipsis_finance,2024-12-16 00:00:00.000 UTC,646920.7576297511
dooar,2024-10-21 00:00:00.000 UTC,2.7427801839832827e+06
honeyswap,2024-06-10 00:00:00.000 UTC,257670.06011590527
honeyswap,2024-06-24 00:00:00.000 UTC,280996.59345648665
oasisswap,2024-06-03 00:00:00.000 UTC,9981.582797386562
sterling_finance,2024-09-09 00:00:00.000 UTC,40.427005791114006
blasterswap,2024-09-09 00:00:00.000 UTC,1.0706117105867201e+06
autotronic,2024-05-06 00:00:00.000 UTC,3.229685845525637
gmx,2024-11-11 00:00:00.000 UTC,8.605474848084306e+06
infusion,2024-05-06 00:00:00.000 UTC,6.6314629484770475e+06
trader_joe,2024-12-16 00:00:00.000 UTC,1.2068271503338952e+09
airswap,2024-08-12 00:00:00.000 UTC,4.889374890305763e+06
honeyswap,2025-02-10 00:00:00.000 UTC,32651.40800391691
wigoswap,2024-03-18 00:00:00.000 UTC,1.9847972745124217e+07
echodex,2024-12-09 00:00:00.000 UTC,31634.940610586655
iziswap,2024-06-10 00:00:00.000 UTC,2.386427489565115e+07
woofi,2025-01-27 00:00:00.000 UTC,1.9747111722045612e+08
wombatexchange,2024-04-29 00:00:00.000 UTC,37709.92020201337
xei_finance,2024-09-23 00:00:00.000 UTC,546226.865928937
neopin,2024-08-19 00:00:00.000 UTC,142974.15345690926
dfx,2024-03-11 00:00:00.000 UTC,6225.731225172642
soswap,2024-03-25 00:00:00.000 UTC,455708.54869938636
blasterswap,2024-05-20 00:00:00.000 UTC,2.6431550922004506e+07
gemswap,2025-01-13 00:00:00.000 UTC,8003.949479743966
icecreamswap,2024-08-26 00:00:00.000 UTC,1498.5074369202698
throne_exchange,2024-04-29 00:00:00.000 UTC,81.29702094111856
agni,2024-12-23 00:00:00.000 UTC,3.862146548567329e+07
rocketswap,2024-11-11 00:00:00.000 UTC,2.373353590284073e+06
lynex,2024-08-05 00:00:00.000 UTC,2.0878248658601058e+08
rocketswap,2025-01-27 00:00:00.000 UTC,603147.6206302406
dragon_swap,2024-05-06 00:00:00.000 UTC,9.569714351514155e+06
nile,2025-01-06 00:00:00.000 UTC,4.071905549049554e+07
akronswap,2024-09-16 00:00:00.000 UTC,6456.72340484812
autotronic,2024-07-22 00:00:00.000 UTC,5.724317255719654
vesync,2025-01-20 00:00:00.000 UTC,9233.941434492654
zyberswap,2024-05-06 00:00:00.000 UTC,9986.052472368388
spartacus_exchange,2024-07-08 00:00:00.000 UTC,96.80164181411345
thena,2024-10-28 00:00:00.000 UTC,2.0338684852210402e+08
torus,2025-01-20 00:00:00.000 UTC,28.72971240957586
ellipsis_finance,2024-09-30 00:00:00.000 UTC,163681.0282333408
dragon_swap,2024-07-22 00:00:00.000 UTC,1.8689248362940006e+07
dodo,2024-10-21 00:00:00.000 UTC,3.439783226798326e+08
clipper,2024-05-06 00:00:00.000 UTC,5.398552033957114e+06
stablebase,2024-04-29 00:00:00.000 UTC,5166.680031227757
icecreamswap,2024-07-29 00:00:00.000 UTC,1783.9242155450715
sobal,2024-10-28 00:00:00.000 UTC,19.948284848255117
balancer,2024-10-14 00:00:00.000 UTC,3.8203593595067406e+08
autotronic,2024-12-23 00:00:00.000 UTC,6.470679046690867
integral,2024-12-23 00:00:00.000 UTC,3.5216058441769354e+07
ramses,2025-02-03 00:00:00.000 UTC,3.6824223472368374e+07
aerodrome,2024-05-27 00:00:00.000 UTC,1.2630299886604834e+09
dfyn,2024-07-08 00:00:00.000 UTC,568412.0571560503
nuri,2025-01-13 00:00:00.000 UTC,1.6267288683988517e+07
zkswap_finance,2025-01-27 00:00:00.000 UTC,1.8530115508288626e+07
horizondex,2024-06-24 00:00:00.000 UTC,25700.13272345612
sterling_finance,2024-03-11 00:00:00.000 UTC,94.718680380369
arbswap,2024-09-23 00:00:00.000 UTC,10622.333657872188
gridex,2024-09-30 00:00:00.000 UTC,0.17254842368
agni,2024-10-21 00:00:00.000 UTC,2.98057386101503e+07
spiritswap,2024-06-10 00:00:00.000 UTC,723890.0494839825
fluid,2025-02-03 00:00:00.000 UTC,2.0129479096782753e+09
fluid,2025-01-06 00:00:00.000 UTC,6.447863385415667e+08
zebra,2024-07-01 00:00:00.000 UTC,2.239275450165806e+06
gridex,2024-02-12 00:00:00.000 UTC,254.18198039229662
rcpswap,2024-09-16 00:00:00.000 UTC,43676.718867731746
sobal,2024-05-20 00:00:00.000 UTC,737.6046590165168
zyberswap,2024-05-20 00:00:00.000 UTC,15726.415537471965
zkswap_finance,2024-08-05 00:00:00.000 UTC,1.8574836438269757e+07
defiswap,2024-10-07 00:00:00.000 UTC,544954.9710467762
zebra,2024-04-15 00:00:00.000 UTC,5.927677957656731e+06
neopin,2024-06-03 00:00:00.000 UTC,370857.70979867195
wombat,2024-08-05 00:00:00.000 UTC,940336.7841949861
wombatexchange,2024-02-19 00:00:00.000 UTC,7.1719257342281565e+06
trader_joe,2025-02-03 00:00:00.000 UTC,7.193825924006265e+08
trader_joe,2025-01-27 00:00:00.000 UTC,7.765449507744973e+08
beethoven_x,2024-05-13 00:00:00.000 UTC,7.920195025753192e+06
dackieswap,2024-12-09 00:00:00.000 UTC,818101.2449430226
solidly,2025-01-06 00:00:00.000 UTC,4.477575858052792e+07
sterling_finance,2024-04-29 00:00:00.000 UTC,80.895253448961
wardenswap,2024-09-30 00:00:00.000 UTC,2428.8949403540914
oasisswap,2024-10-21 00:00:00.000 UTC,1789.74221080958
kyberswap,2024-10-21 00:00:00.000 UTC,416976.60698524903
dragon_swap,2024-06-24 00:00:00.000 UTC,1.4128974373199647e+07
ellipsis_finance,2024-08-05 00:00:00.000 UTC,358019.0285169849
rocketswap,2024-04-22 00:00:00.000 UTC,1.0082586690874654e+06
smardex,2024-09-09 00:00:00.000 UTC,145255.15940536422
dracula_finance,2024-02-26 00:00:00.000 UTC,151326.11074798353
baseswap,2024-12-16 00:00:00.000 UTC,1.6857263463094836e+08
aerodrome,2024-04-29 00:00:00.000 UTC,4.940149201452859e+08
honeyswap,2024-10-14 00:00:00.000 UTC,101414.15311621105
airswap,2024-07-15 00:00:00.000 UTC,1.4896196360245453e+07
airswap,2024-07-08 00:00:00.000 UTC,5.85687558836425e+06
flashliquidity,2024-10-14 00:00:00.000 UTC,230.27553367927155
babyswap,2024-12-02 00:00:00.000 UTC,1.1010281210227797e+07
vesync,2024-03-25 00:00:00.000 UTC,1.026663877272535e+06
sparkdex,2024-11-18 00:00:00.000 UTC,1.0471089975375485e+07
quickswap,2024-07-22 00:00:00.000 UTC,2.3038469943273395e+08
nomiswap,2024-10-28 00:00:00.000 UTC,7031.791302689777
fusionx,2024-09-09 00:00:00.000 UTC,2.9831343565887874e+06
zyberswap,2024-12-02 00:00:00.000 UTC,24366.38467546542
derpdex,2024-11-04 00:00:00.000 UTC,5455.2948702913145
swapr,2024-07-01 00:00:00.000 UTC,182.93999899564258
gmx,2024-07-08 00:00:00.000 UTC,5.098629285763005e+06
ezkalibur,2024-04-29 00:00:00.000 UTC,285551.712784561
bancor,2024-02-12 00:00:00.000 UTC,8.870954085526539e+06
velocore,2024-09-30 00:00:00.000 UTC,11568.988600648683
alienbase,2024-03-04 00:00:00.000 UTC,38149.495898093344
yaka,2024-07-22 00:00:00.000 UTC,2.143444882322987e+06
scale,2024-08-19 00:00:00.000 UTC,356080.4744451996
biswap,2024-07-08 00:00:00.000 UTC,6.857688286250845e+06
citadelswap,2024-03-25 00:00:00.000 UTC,146523.46262321773
wombat_exchange,2024-07-01 00:00:00.000 UTC,30604.61869400565
mute,2024-05-20 00:00:00.000 UTC,2.1327370439863816e+07
defiswap,2024-09-09 00:00:00.000 UTC,506001.8581206126
clipper,2024-04-15 00:00:00.000 UTC,4.425634404070576e+06
agni,2024-06-24 00:00:00.000 UTC,2.6972015575414803e+07
chronos,2024-07-29 00:00:00.000 UTC,17614.23507397961
uniswap,2024-12-02 00:00:00.000 UTC,3.0940393925820724e+10
katana,2024-11-11 00:00:00.000 UTC,5.86802998882579e+07
torus,2024-12-09 00:00:00.000 UTC,5.902438534595588
echodex,2024-03-04 00:00:00.000 UTC,48895.135813989844
dackieswap,2024-04-15 00:00:00.000 UTC,351375.39875251916
1inch-LOP,2024-06-03 00:00:00.000 UTC,2.3910047339063284e+08
throne_exchange,2024-06-17 00:00:00.000 UTC,4.6064394576169825
maverick,2024-10-07 00:00:00.000 UTC,1.9533590330887163e+08
fraxswap,2024-03-25 00:00:00.000 UTC,1.1442254776839036e+07
swaap,2024-12-23 00:00:00.000 UTC,3.599480944232286e+08
camelot,2024-06-24 00:00:00.000 UTC,4.712757679256559e+08
leetswap,2024-06-17 00:00:00.000 UTC,168.96900862534554
fluid,2024-12-09 00:00:00.000 UTC,6.356647231619838e+08
verse_dex,2024-06-03 00:00:00.000 UTC,197753.8020500134
mute,2024-08-05 00:00:00.000 UTC,2.8952060002316334e+06
auragi,2025-01-27 00:00:00.000 UTC,1074.6019969889694
velocore,2024-07-08 00:00:00.000 UTC,21634.023123754334
sharkswap,2024-04-08 00:00:00.000 UTC,123956.72124234618
velodrome,2024-05-06 00:00:00.000 UTC,1.7128611191390803e+08
jelly_swap,2024-07-08 00:00:00.000 UTC,1.28625463678766e+06
wombat,2024-11-25 00:00:00.000 UTC,391258.79722150863
auragi,2024-08-26 00:00:00.000 UTC,3886.5104735335794
gridex,2024-08-26 00:00:00.000 UTC,0.16559243264
arbswap,2025-01-06 00:00:00.000 UTC,14239.910630479279
pancakeswap,2024-10-21 00:00:00.000 UTC,5.741687644956124e+09
thena,2024-10-07 00:00:00.000 UTC,1.4259568310995057e+08
dackieswap,2024-06-10 00:00:00.000 UTC,497235.9036274825
solidly,2024-03-04 00:00:00.000 UTC,1.3533051944122186e+08
balancer,2024-03-18 00:00:00.000 UTC,1.0895758389208388e+09
trader_joe,2024-08-12 00:00:00.000 UTC,5.442208278779662e+08
dragon_swap,2024-06-03 00:00:00.000 UTC,2.765283786081175e+07
merchant_moe,2024-12-30 00:00:00.000 UTC,977929.578532862
sterling_finance,2024-02-12 00:00:00.000 UTC,23.044504082687
mauve,2024-04-08 00:00:00.000 UTC,61344.725394599205
dracula_finance,2025-01-20 00:00:00.000 UTC,801.8515658694097
0x-API,2024-03-11 00:00:00.000 UTC,3.0513684180161e+08
oku,2024-10-07 00:00:00.000 UTC,1.488247763492323e+07
balancer,2024-09-02 00:00:00.000 UTC,5.884884947284071e+08
dfx,2024-02-12 00:00:00.000 UTC,4178.331855522902
opx_finance,2024-03-18 00:00:00.000 UTC,2.4947759062153
curve,2024-03-04 00:00:00.000 UTC,2.0186285689123776e+09
zyberswap,2024-12-09 00:00:00.000 UTC,9677.36786610886
velocimeter,2024-09-23 00:00:00.000 UTC,0.13065028515000002
scale,2024-03-11 00:00:00.000 UTC,682867.5893596241
dfyn,2024-08-12 00:00:00.000 UTC,333965.45453143446
mdex,2024-08-05 00:00:00.000 UTC,1.492714987932622e+07
