week,blockchain,volume_usd,traders
2025-01-20T00:00:00Z,sonic,2.086689956623015e+08,6389
2024-09-02T00:00:00Z,ethereum,1.0798072841694313e+10,95151
2024-09-30T00:00:00Z,avalanche_c,6.493169338313761e+08,7542
2024-12-30T00:00:00Z,base,1.231922135449411e+10,2.992062e+06
2024-05-20T00:00:00Z,zkevm,9.340691177614477e+06,5154
2024-05-27T00:00:00Z,blast,6.123853940819811e+08,48587
2024-05-27T00:00:00Z,zksync,2.3032626529738355e+08,248898
2023-04-24T00:00:00Z,arbitrum,3.5227972116582727e+09,171885
2025-01-13T00:00:00Z,linea,1.8451251703306282e+08,7395
2024-09-02T00:00:00Z,fantom,3.478142312201007e+07,10001
2024-06-10T00:00:00Z,mantle,4.4466680904454544e+07,4865
2025-01-20T00:00:00Z,nova,234896.96908050944,135
2023-12-11T00:00:00Z,flare,2.3119503920440683e+06,559
2024-05-13T00:00:00Z,zora,194563.06166649036,2879
2025-01-20T00:00:00Z,zkevm,8.096654057884869e+06,455
2024-04-29T00:00:00Z,flare,771006.8232981986,324
2023-03-20T00:00:00Z,bnb,1.9623423735196812e+09,538815
2024-01-22T00:00:00Z,scroll,2.3547515941325553e+07,57397
2023-09-04T00:00:00Z,zkevm,6.231043363494799e+06,8003
2024-02-05T00:00:00Z,mantle,6.596928716403726e+07,9388
2023-11-27T00:00:00Z,optimism,3.000147777505607e+08,60744
2023-10-23T00:00:00Z,base,3.248776378283696e+08,55760
2022-07-18T00:00:00Z,fantom,2.6264316593921518e+08,23887
2023-08-21T00:00:00Z,celo,2.914200672823818e+06,4424
2024-09-30T00:00:00Z,sei,5.3636834930295296e+07,3238
2022-09-12T00:00:00Z,avalanche_c,3.1403349023475176e+08,17220
2024-03-18T00:00:00Z,zksync,9.153538476580065e+08,613617
2024-04-29T00:00:00Z,optimism,8.38383334586454e+08,321129
2023-07-10T00:00:00Z,fantom,1.9310803122498482e+08,22167
2024-12-09T00:00:00Z,fantom,7.339196717239903e+07,17463
2023-04-17T00:00:00Z,ronin,2.7584082524175063e+07,10992
2022-08-01T00:00:00Z,fantom,1.7118569575231382e+08,21813
2023-08-14T00:00:00Z,gnosis,1.9974127633242956e+06,2583
2023-05-15T00:00:00Z,nova,4.2098605252107885e+06,19456
2022-08-22T00:00:00Z,arbitrum,3.3429122182193035e+08,32837
2023-10-16T00:00:00Z,ronin,7.079336626681375e+06,5680
2023-11-06T00:00:00Z,fantom,2.212515974552675e+07,11673
2025-02-03T00:00:00Z,avalanche_c,1.1526279840411994e+09,11553
2023-08-21T00:00:00Z,optimism,2.4310130299411166e+08,66024
2024-03-11T00:00:00Z,ethereum,2.08808271871012e+10,286328
2024-10-21T00:00:00Z,sei,2.0028006710347507e+07,5542
2024-11-04T00:00:00Z,sei,5.116494419084714e+07,2454
2022-11-14T00:00:00Z,ronin,1.256956244621282e+07,9652
2024-12-16T00:00:00Z,flare,1.9448148111941516e+07,647
2024-12-09T00:00:00Z,nova,411916.11416233703,247
2024-09-09T00:00:00Z,boba,1295.524120929143,8
2024-09-30T00:00:00Z,ethereum,1.0826881601262133e+10,110804
2023-02-27T00:00:00Z,bnb,1.7188526498554077e+09,576349
2023-06-26T00:00:00Z,ronin,1.43190441009061e+07,7025
2023-05-29T00:00:00Z,ronin,1.314101157282686e+07,11902
2023-05-08T00:00:00Z,polygon,6.687206626797172e+08,97412
2024-01-22T00:00:00Z,kaia,305686.3006523107,1261
2024-09-16T00:00:00Z,flare,471414.2212910012,398
2024-02-05T00:00:00Z,scroll,2.4215741507618263e+07,43610
2024-01-22T00:00:00Z,arbitrum,2.777012573487491e+09,82994
2024-11-25T00:00:00Z,kaia,9.252977028684996e+07,1307
2023-08-21T00:00:00Z,polygon,4.0152192128173953e+08,57355
2023-10-09T00:00:00Z,arbitrum,9.811113587176232e+08,42999
2023-02-06T00:00:00Z,kaia,1.4200122466115055e+06,2804
2024-06-17T00:00:00Z,zkevm,7.657464541363562e+06,3469
2023-05-08T00:00:00Z,nova,4.045259447848783e+06,16483
2023-12-25T00:00:00Z,linea,1.213274560774555e+07,6457
2023-04-03T00:00:00Z,nova,1.3625285818866948e+07,24958
2023-06-05T00:00:00Z,nova,3.906430172946065e+06,16953
2023-10-02T00:00:00Z,flare,2.0922054361570913e+06,817
2024-04-15T00:00:00Z,avalanche_c,5.0788122979332477e+08,29484
2023-02-06T00:00:00Z,celo,8.507275822464295e+06,735
2023-06-26T00:00:00Z,celo,5.247125721814999e+06,4724
2023-12-25T00:00:00Z,ethereum,1.0075267505165081e+10,185913
2023-01-09T00:00:00Z,ronin,3.378910797019024e+07,13846
2024-04-29T00:00:00Z,base,3.4884106626188364e+09,201993
2024-02-19T00:00:00Z,arbitrum,3.606252824515123e+09,72688
2023-11-06T00:00:00Z,optimism,5.342538253730531e+08,76537
2024-09-09T00:00:00Z,optimism,3.7125174372514594e+08,74622
2023-10-23T00:00:00Z,gnosis,1.0371434438158894e+07,2425
2022-12-19T00:00:00Z,nova,884241.1815141044,6283
2022-08-22T00:00:00Z,ronin,1.805276748533448e+07,26419
2022-09-19T00:00:00Z,celo,2.967819404307483e+06,1004
2024-08-12T00:00:00Z,flare,800465.7137723955,477
2024-11-18T00:00:00Z,bnb,8.15203699699647e+09,435381
2024-04-22T00:00:00Z,bnb,5.674980657454976e+09,495544
2024-05-13T00:00:00Z,ethereum,1.0999362769336182e+10,98140
2023-03-20T00:00:00Z,ethereum,1.2511089083834291e+10,122076
2024-11-25T00:00:00Z,mantle,1.1383395080701955e+08,5051
2023-04-03T00:00:00Z,zksync,2.0764450523740107e+08,245069
2024-03-25T00:00:00Z,optimism,7.304787144886482e+08,115840
2023-09-18T00:00:00Z,gnosis,1.9552474490204193e+06,1682
2023-03-20T00:00:00Z,avalanche_c,3.5185934049923074e+08,13508
2024-12-23T00:00:00Z,optimism,8.06180623636191e+08,17110
2024-02-26T00:00:00Z,celo,4.88935703497711e+07,5017
2022-11-21T00:00:00Z,optimism,3.380683999052251e+08,48967
2024-05-13T00:00:00Z,avalanche_c,3.263607212309067e+08,13960
2024-11-04T00:00:00Z,zkevm,9.847785769861875e+06,2703
2024-12-16T00:00:00Z,worldchain,8.682939288134906e+06,64401
2024-01-29T00:00:00Z,ethereum,7.979495242729394e+09,183715
2023-08-21T00:00:00Z,zksync,6.565930324726076e+08,630880
2024-02-12T00:00:00Z,bnb,4.1568781995935016e+09,437503
2024-06-24T00:00:00Z,blast,1.1130598064667585e+09,81412
2024-04-15T00:00:00Z,fantom,8.735471709776999e+07,15037
2024-11-25T00:00:00Z,arbitrum,8.331818180941996e+09,45723
2023-10-23T00:00:00Z,nova,1.4953265200740849e+06,11849
2023-11-27T00:00:00Z,avalanche_c,3.4396283712508154e+08,22884
2023-07-17T00:00:00Z,bnb,2.034709541548984e+09,507391
2024-11-11T00:00:00Z,nova,373400.17702422227,747
2023-12-25T00:00:00Z,avalanche_c,9.573600746704197e+08,52371
2022-07-25T00:00:00Z,fantom,1.9715654124116462e+08,22846
2024-02-05T00:00:00Z,gnosis,2.2101509684030678e+07,7437
2024-04-15T00:00:00Z,linea,1.80342406589364e+08,14681
2022-06-27T00:00:00Z,fantom,5.525246822024322e+07,13933
2025-01-27T00:00:00Z,corn,311327.3522471535,33
2022-12-05T00:00:00Z,arbitrum,4.284736013446096e+08,76858
2024-01-01T00:00:00Z,zkevm,8.901131518821873e+06,4393
2023-08-07T00:00:00Z,avalanche_c,1.1601054565113801e+08,40522
2023-10-09T00:00:00Z,kaia,134788.7879607971,1176
2024-12-02T00:00:00Z,celo,7.061271196165094e+08,21250
2023-01-16T00:00:00Z,gnosis,637158.682941321,1426
2023-05-29T00:00:00Z,celo,3.744784600058863e+06,3318
2024-04-15T00:00:00Z,zora,1.067288307334622e+06,1321
2024-10-07T00:00:00Z,zkevm,6.066241724862404e+06,1148
2024-04-22T00:00:00Z,optimism,7.109674480807251e+08,266391
2022-07-18T00:00:00Z,arbitrum,2.44934754268644e+08,15507
2024-05-27T00:00:00Z,polygon,8.618296804921218e+08,67340
2024-01-29T00:00:00Z,zkevm,5.288565715347836e+06,5734
2023-05-08T00:00:00Z,zksync,1.5687535241573283e+08,230302
2024-06-24T00:00:00Z,gnosis,2.5352974686241444e+07,3241
2023-03-27T00:00:00Z,zkevm,650123.4288018765,1795
2023-06-26T00:00:00Z,kaia,231208.15308269876,6572
2024-06-24T00:00:00Z,nova,173651.91769652447,1669
2024-09-16T00:00:00Z,base,4.1830209361688895e+09,3.522981e+06
2023-11-27T00:00:00Z,ethereum,8.42326245740637e+09,205768
2024-04-15T00:00:00Z,ethereum,1.492256946508015e+10,79237
2024-03-18T00:00:00Z,bnb,1.0018619459627132e+10,559075
2023-11-27T00:00:00Z,linea,1.34411150029288e+07,13492
2024-10-14T00:00:00Z,base,6.490129230256239e+09,2.968325e+06
2024-08-05T00:00:00Z,optimism,8.327266956234145e+08,102406
2024-01-22T00:00:00Z,ronin,7.759096481180665e+07,16557
2024-07-08T00:00:00Z,arbitrum,7.205754568317839e+09,52049
2024-08-12T00:00:00Z,base,3.776417168050733e+09,1.412455e+06
2024-09-30T00:00:00Z,linea,1.1957758721250466e+08,6635
2025-01-13T00:00:00Z,ethereum,2.047472456772895e+10,88493
2024-09-30T00:00:00Z,zora,601636.8955466454,4309
2024-01-08T00:00:00Z,zksync,5.892924952781192e+08,469209
2022-11-14T00:00:00Z,fantom,7.079821643744521e+07,12039
2023-09-18T00:00:00Z,nova,1.0475403919947855e+06,12581
2023-11-13T00:00:00Z,celo,6.26794389791444e+06,2200
2024-09-09T00:00:00Z,worldchain,1155.778569329401,3
2024-10-14T00:00:00Z,optimism,6.830142769519198e+08,83164
2024-10-28T00:00:00Z,kaia,5.123874633772407e+07,1281
2023-06-19T00:00:00Z,optimism,3.6445860094478416e+08,52670
2023-08-28T00:00:00Z,base,5.904014771884365e+08,60957
2023-06-05T00:00:00Z,gnosis,883651.7737079022,2787
2023-09-04T00:00:00Z,arbitrum,7.46544119106246e+08,50785
2025-01-13T00:00:00Z,avalanche_c,1.517616186538294e+09,17243
2023-04-03T00:00:00Z,polygon,5.93110123988401e+08,77536
2024-04-01T00:00:00Z,celo,5.173676260976171e+07,8401
2024-02-05T00:00:00Z,nova,506083.7336164389,9258
2023-02-06T00:00:00Z,ronin,5.042283099046205e+07,17671
2023-08-14T00:00:00Z,zkevm,8.68128166428198e+06,16520
2023-08-07T00:00:00Z,ethereum,6.04578208492563e+09,172679
2023-10-23T00:00:00Z,scroll,7.231087255316734e+06,32836
2024-06-10T00:00:00Z,kaia,2.1666960751924105e+07,824
2022-07-04T00:00:00Z,optimism,1.188374661146342e+08,8408
2025-01-13T00:00:00Z,zora,768470.0108069109,2684
2024-08-05T00:00:00Z,sei,3.825765232120888e+07,3598
2024-09-02T00:00:00Z,avalanche_c,4.9854199878906524e+08,6539
2024-09-02T00:00:00Z,linea,1.363171304138177e+08,10412
2023-06-12T00:00:00Z,bnb,2.4659858787676578e+09,528512
2024-01-08T00:00:00Z,polygon,1.53753072664382e+09,77654
2024-07-01T00:00:00Z,bnb,4.1958129156306605e+09,355375
2024-05-13T00:00:00Z,linea,2.1000207110908043e+08,21410
2024-02-19T00:00:00Z,mantle,1.1718512699195977e+08,7744
2024-07-15T00:00:00Z,celo,7.049236238150407e+07,1421
2024-12-16T00:00:00Z,ink,564.1006377076742,207
2023-01-16T00:00:00Z,nova,752009.1080617998,6083
2022-09-19T00:00:00Z,kaia,155109.5745913372,190
2025-01-27T00:00:00Z,base,1.157359353229718e+10,2.590754e+06
2022-10-10T00:00:00Z,bnb,1.4616426131270058e+09,559092
2023-12-04T00:00:00Z,bnb,3.0982934040280814e+09,492834
2023-05-22T00:00:00Z,arbitrum,1.9050372806590962e+09,131910
2022-11-07T00:00:00Z,fantom,1.9192388968646386e+08,13769
2022-12-12T00:00:00Z,fantom,5.507072375233271e+07,11882
2024-12-30T00:00:00Z,flare,9.010245769524217e+06,743
2023-03-27T00:00:00Z,fantom,9.278036865470351e+07,12970
2024-07-08T00:00:00Z,mantle,5.905603277502614e+07,5406
2023-05-01T00:00:00Z,zkevm,591399.4964837717,334
2024-01-15T00:00:00Z,flare,2.1038665962294675e+06,581
2023-08-21T00:00:00Z,nova,2.1472868059003446e+06,15641
2024-06-17T00:00:00Z,avalanche_c,2.8058139786783546e+08,15170
2024-11-25T00:00:00Z,ronin,7.515344537934665e+07,8501
2022-09-26T00:00:00Z,celo,2.588811360013273e+06,990
2023-10-16T00:00:00Z,kaia,86200.8732508147,1141
2023-04-03T00:00:00Z,gnosis,556717.189250624,1498
2025-01-20T00:00:00Z,gnosis,5.391022615430122e+07,2783
2024-08-19T00:00:00Z,ronin,2.3227628416876715e+07,6343
2024-10-21T00:00:00Z,flare,3.9775727573756687e+06,529
2022-07-18T00:00:00Z,celo,7.703130070015438e+06,1883
2023-04-24T00:00:00Z,kaia,338181.302461062,1823
2023-04-17T00:00:00Z,kaia,575745.9287324056,1985
2022-08-15T00:00:00Z,kaia,49458.3567723443,537
2024-03-04T00:00:00Z,zora,2.6814770674680215e+06,2702
2024-08-19T00:00:00Z,boba,1510.99610429865,7
2024-03-11T00:00:00Z,polygon,2.6657240689979105e+09,95599
2023-11-20T00:00:00Z,avalanche_c,4.136038177055272e+08,20341
2023-07-17T00:00:00Z,optimism,3.154221818194698e+08,54745
2023-09-18T00:00:00Z,zksync,7.34277854122352e+08,591793
2023-12-11T00:00:00Z,base,5.352976618437965e+08,34693
2025-01-20T00:00:00Z,linea,1.6519574424395704e+08,7087
2024-01-01T00:00:00Z,scroll,2.144249479738646e+07,51602
2024-07-22T00:00:00Z,linea,2.4315197720016438e+08,11811
2024-03-11T00:00:00Z,blast,6.511070851076248e+08,25961
2023-01-09T00:00:00Z,celo,5.206932239722251e+06,674
2024-10-07T00:00:00Z,blast,6.70530550824291e+07,6780
2023-01-23T00:00:00Z,gnosis,616720.5615473321,1285
2023-11-13T00:00:00Z,ronin,2.407820878364702e+07,8067
2023-08-07T00:00:00Z,linea,301720.80757046456,1974
2022-12-12T00:00:00Z,avalanche_c,1.824527584516409e+08,22336
2024-11-04T00:00:00Z,linea,1.6619293016714242e+08,10128
2022-07-18T00:00:00Z,ronin,3.8096493862776935e+07,28991
2022-10-10T00:00:00Z,optimism,2.1761040310519373e+08,27087
2024-10-28T00:00:00Z,celo,3.214464116033187e+08,9235
2024-11-04T00:00:00Z,fantom,7.426887846939011e+07,20328
2023-12-18T00:00:00Z,mantle,7.200313089748186e+07,9196
2024-05-13T00:00:00Z,fantom,5.84412869535323e+07,12364
2024-10-07T00:00:00Z,polygon,5.827218790654922e+08,85047
2024-12-02T00:00:00Z,arbitrum,9.12992778018211e+09,53959
2023-08-07T00:00:00Z,fantom,1.2676249093087293e+07,13068
2023-05-22T00:00:00Z,kaia,300153.6386023953,1634
2023-05-01T00:00:00Z,fantom,7.750823892644241e+07,15101
2025-01-06T00:00:00Z,zora,504235.8287206286,2715
2024-10-07T00:00:00Z,zksync,4.261532329310063e+07,5943
2024-05-27T00:00:00Z,scroll,7.405690507498446e+07,148955
2024-03-25T00:00:00Z,base,6.027759733182324e+09,372543
2023-10-23T00:00:00Z,zksync,4.937783531864126e+08,434047
2024-01-08T00:00:00Z,gnosis,2.0458167044481233e+07,2961
2023-01-02T00:00:00Z,arbitrum,2.856426145981197e+08,62138
2024-04-08T00:00:00Z,zora,4.1922911962554445e+06,2563
2022-10-17T00:00:00Z,optimism,2.341674071575313e+08,27823
2023-01-16T00:00:00Z,polygon,9.655831277287581e+08,63913
2023-03-13T00:00:00Z,arbitrum,1.386597708214449e+10,126068
2024-01-29T00:00:00Z,fantom,2.2251822513874386e+07,10479
2024-09-09T00:00:00Z,bnb,3.8902489325258627e+09,464872
2022-10-31T00:00:00Z,fantom,1.397356074954217e+08,14799
2023-11-06T00:00:00Z,bnb,2.859786968087143e+09,453310
2024-07-01T00:00:00Z,sei,2.1616642238224525e+07,801
2023-08-14T00:00:00Z,avalanche_c,1.272335193531825e+08,35111
2025-01-20T00:00:00Z,avalanche_c,1.3771883287817926e+09,27409
2024-05-06T00:00:00Z,flare,533491.3082393595,348
2024-03-11T00:00:00Z,scroll,8.779070494547541e+07,115663
2023-12-18T00:00:00Z,arbitrum,3.7592973444568076e+09,69640
2024-12-23T00:00:00Z,sei,3.240797889140249e+07,1720
2023-01-09T00:00:00Z,kaia,1.7241860010986929e+06,3179
2024-04-15T00:00:00Z,zkevm,6.743145758067211e+06,2924
2023-09-11T00:00:00Z,kaia,107507.09536069579,1534
2024-06-10T00:00:00Z,boba,2583.1846419752997,5
2022-09-05T00:00:00Z,polygon,9.580585518948802e+08,67591
2022-11-07T00:00:00Z,ethereum,3.145204728115807e+10,121235
2024-06-24T00:00:00Z,polygon,6.561507919575404e+08,56540
2024-12-16T00:00:00Z,scroll,5.9114946137422845e+07,7757
2023-04-24T00:00:00Z,celo,2.733617456373385e+06,959
2023-09-11T00:00:00Z,ronin,1.1199942570282875e+07,9884
2024-12-02T00:00:00Z,boba,7637.624753035525,12
2023-10-30T00:00:00Z,gnosis,1.5028059731166132e+07,2284
2023-09-18T00:00:00Z,polygon,3.3102155030522937e+08,49250
2024-05-13T00:00:00Z,zkevm,9.00899605310235e+06,5684
2024-07-08T00:00:00Z,kaia,1.875063479553629e+07,941
2024-01-08T00:00:00Z,zkevm,1.1847879383991111e+07,2670
2024-01-01T00:00:00Z,fantom,4.069969066087162e+07,13448
2023-07-03T00:00:00Z,celo,7.104087485562696e+06,4512
2022-07-11T00:00:00Z,arbitrum,1.9614546074078816e+08,14322
2023-10-02T00:00:00Z,base,2.3739978726779136e+08,32469
2024-11-04T00:00:00Z,gnosis,5.903289435801952e+07,2637
2024-12-16T00:00:00Z,polygon,1.2163872668016133e+09,125511
2024-11-18T00:00:00Z,blast,1.3811624732856375e+08,3658
2024-08-19T00:00:00Z,avalanche_c,6.617243254602537e+08,9682
2022-08-15T00:00:00Z,ronin,2.386935602214032e+07,29682
2024-03-18T00:00:00Z,polygon,1.7976023280665755e+09,92400
2023-01-02T00:00:00Z,celo,2.1703201711494764e+06,529
2022-12-12T00:00:00Z,ethereum,8.79639992750321e+09,103627
2023-08-14T00:00:00Z,ethereum,7.884456273180764e+09,178915
2024-05-20T00:00:00Z,nova,452733.9829697291,1638
2024-05-20T00:00:00Z,ethereum,2.119015540217218e+10,113464
2023-06-26T00:00:00Z,arbitrum,2.779415275472217e+09,98571
2024-03-11T00:00:00Z,zksync,9.291016163324037e+08,569356
2022-11-14T00:00:00Z,ethereum,1.125832381770844e+10,101769
2023-08-07T00:00:00Z,zkevm,8.719219177830962e+06,19500
2024-05-20T00:00:00Z,gnosis,3.1560469384024203e+07,2505
2025-01-27T00:00:00Z,flare,1.6195547466468971e+07,585
2022-09-05T00:00:00Z,nova,829300.2593670834,4048
2024-06-24T00:00:00Z,scroll,1.4749689498308352e+08,108651
2024-10-07T00:00:00Z,scroll,1.3391034531821102e+08,68597
2023-02-20T00:00:00Z,avalanche_c,4.779050850936595e+08,23065
2024-05-20T00:00:00Z,avalanche_c,4.186983916917219e+08,13354
2024-05-27T00:00:00Z,nova,264386.6553837311,2393
2025-01-13T00:00:00Z,fantom,2.6317016093299218e+07,11423
2023-10-09T00:00:00Z,mantle,1.9380944651868388e+07,9373
2025-01-20T00:00:00Z,ethereum,2.262964132186036e+10,80194
2024-07-29T00:00:00Z,sei,2.717555833045139e+07,16523
2023-08-21T00:00:00Z,zkevm,6.378488014972772e+06,10533
2024-10-07T00:00:00Z,fantom,6.546519585766682e+07,40214
2024-09-23T00:00:00Z,mantle,4.915591862854411e+07,4808
2023-06-12T00:00:00Z,zksync,2.939456114173083e+08,423323
2023-10-16T00:00:00Z,celo,4.697868793754035e+06,2089
2024-04-01T00:00:00Z,mantle,1.2566234762944779e+08,7182
2022-09-19T00:00:00Z,arbitrum,4.826428674960133e+08,42876
2023-11-20T00:00:00Z,ronin,3.0639060839693833e+07,9041
2024-04-08T00:00:00Z,celo,7.373788473838644e+07,5349
2024-12-09T00:00:00Z,zora,484106.3872816272,2903
2023-05-22T00:00:00Z,ronin,1.5170940215181313e+07,12441
2024-04-22T00:00:00Z,base,3.5781697906084495e+09,217647
2022-08-08T00:00:00Z,bnb,2.399846189353291e+09,701446
2024-12-16T00:00:00Z,zksync,6.76299940164625e+07,6415
2023-04-10T00:00:00Z,arbitrum,4.0435394743893795e+09,147394
2024-08-26T00:00:00Z,linea,1.5099648806836277e+08,8956
2023-10-23T00:00:00Z,polygon,9.154980053327081e+08,56873
2024-06-10T00:00:00Z,arbitrum,5.614739034511803e+09,57225
2024-06-03T00:00:00Z,base,4.102715700157467e+09,359026
2024-08-05T00:00:00Z,bnb,5.200187725465752e+09,400335
2024-09-23T00:00:00Z,arbitrum,3.006120597349428e+09,42554
2025-02-10T00:00:00Z,zora,52666.7987542293,716
2024-07-22T00:00:00Z,celo,7.494251483110766e+07,906
2023-05-08T00:00:00Z,gnosis,856757.2282137185,1863
2022-11-14T00:00:00Z,avalanche_c,2.2171495600242475e+08,17154
2024-11-11T00:00:00Z,gnosis,4.594843991656475e+07,2937
2024-12-30T00:00:00Z,corn,166923.11867527512,44
2024-06-17T00:00:00Z,ethereum,1.1708733422505613e+10,102721
2024-12-02T00:00:00Z,mantle,7.642446631288943e+07,37267
2024-07-15T00:00:00Z,kaia,1.4622254964346612e+07,749
2024-07-29T00:00:00Z,bnb,4.547728448960424e+09,391868
2022-10-03T00:00:00Z,fantom,3.9822433882786945e+07,14000
2023-02-20T00:00:00Z,ethereum,1.056896153258288e+10,117347
2023-06-12T00:00:00Z,polygon,6.726818046646936e+08,123912
2024-07-15T00:00:00Z,ronin,3.9849436617882125e+07,8616
2024-06-17T00:00:00Z,nova,223690.22508827463,1557
2023-01-30T00:00:00Z,bnb,2.499579641350039e+09,601912
2024-06-24T00:00:00Z,zksync,1.0936574275832088e+08,94828
2023-11-13T00:00:00Z,kaia,432297.0902725664,1118
2022-11-14T00:00:00Z,gnosis,824328.6475115011,1464
2023-09-11T00:00:00Z,celo,3.8869749474305883e+06,3364
2023-09-04T00:00:00Z,mantle,1.725489772777605e+07,10308
2022-11-07T00:00:00Z,avalanche_c,5.764284118399284e+08,16654
2024-08-05T00:00:00Z,ethereum,2.0069769140429935e+10,103214
2023-09-25T00:00:00Z,arbitrum,1.0597015851060209e+09,52532
2023-03-13T00:00:00Z,ethereum,2.2562878430209343e+10,125285
2024-08-26T00:00:00Z,base,3.5978024895552483e+09,1.952867e+06
2022-08-29T00:00:00Z,bnb,1.9683014470420787e+09,591303
2025-02-03T00:00:00Z,polygon,9.146325936183044e+08,105558
2024-05-06T00:00:00Z,polygon,6.933078802450626e+08,55085
2023-02-27T00:00:00Z,ronin,1.1892501063456189e+07,9932
2023-12-11T00:00:00Z,fantom,4.0841122891609155e+07,16893
2023-08-14T00:00:00Z,mantle,4.290204539338912e+07,3107
2023-03-13T00:00:00Z,nova,2.0117543695060336e+06,9113
2023-07-24T00:00:00Z,optimism,3.2532918274808276e+08,115114
2022-12-19T00:00:00Z,polygon,4.086756330379905e+08,66409
2024-02-26T00:00:00Z,mantle,1.6840403022875983e+08,9802
2023-05-15T00:00:00Z,bnb,3.949201736230359e+09,643742
2024-02-26T00:00:00Z,arbitrum,5.105302964437621e+09,66160
2023-06-05T00:00:00Z,fantom,5.076055451979319e+07,14220
2024-11-18T00:00:00Z,worldchain,9.561703464719668e+06,70518
2022-08-01T00:00:00Z,gnosis,1.9382324489740294e+06,1493
2024-07-01T00:00:00Z,arbitrum,4.056383233969855e+09,60516
2024-01-15T00:00:00Z,nova,767714.6935837516,10813
2024-06-10T00:00:00Z,gnosis,1.934967797529949e+07,2501
2023-03-27T00:00:00Z,kaia,569894.0068751505,2166
2023-01-09T00:00:00Z,gnosis,752213.5867170433,1461
2023-03-13T00:00:00Z,polygon,1.5431097777686925e+09,89308
2024-12-02T00:00:00Z,sei,7.961987949512672e+07,1970
2023-02-06T00:00:00Z,polygon,1.2660413831242008e+09,72391
2025-01-06T00:00:00Z,base,1.2485818342283512e+10,2.799234e+06
2023-03-27T00:00:00Z,arbitrum,5.468941198774624e+09,159284
2023-06-05T00:00:00Z,ronin,2.671302002107003e+07,12329
2024-01-15T00:00:00Z,polygon,7.98168007312623e+08,72549
2023-08-14T00:00:00Z,arbitrum,1.4892649886547847e+09,67838
2022-07-11T00:00:00Z,avalanche_c,2.963147906975739e+08,22166
2024-05-27T00:00:00Z,ronin,4.176377798301068e+07,8957
2023-06-19T00:00:00Z,ethereum,8.96984662525051e+09,142227
2024-09-02T00:00:00Z,optimism,5.136668265526868e+08,80871
2023-09-18T00:00:00Z,base,3.2105427408036375e+08,39399
2023-07-24T00:00:00Z,zkevm,6.647584453661256e+06,14901
2023-04-24T00:00:00Z,nova,6.008513515011266e+06,17030
2023-05-22T00:00:00Z,zkevm,4.91656938563457e+06,8093
2024-10-28T00:00:00Z,blast,7.345240812173395e+07,4390
2024-08-05T00:00:00Z,celo,1.2750046232361013e+08,1047
2024-09-09T00:00:00Z,ronin,1.3126310765851844e+07,7312
2024-10-28T00:00:00Z,zkevm,3.6087854632997755e+06,1497
2024-12-09T00:00:00Z,worldchain,1.378036160002085e+07,75059
2024-05-13T00:00:00Z,bnb,4.483500327276829e+09,428463
2023-06-26T00:00:00Z,gnosis,895445.9183101859,2914
2023-11-13T00:00:00Z,scroll,9.936123936947547e+06,33697
2025-01-20T00:00:00Z,mantle,9.182175584061761e+07,5011
2023-01-30T00:00:00Z,avalanche_c,4.769314022880713e+08,14288
2023-10-16T00:00:00Z,nova,2.6224806851420966e+06,10359
2023-01-09T00:00:00Z,nova,933373.5343966659,5872
2023-04-17T00:00:00Z,zkevm,1.095752934856766e+06,1085
2024-09-09T00:00:00Z,ethereum,8.107435899923318e+09,106646
2024-11-18T00:00:00Z,mantle,8.289182789449963e+07,4853
2024-06-10T00:00:00Z,bnb,4.985684907860071e+09,400179
2024-11-18T00:00:00Z,kaia,9.860991082009065e+07,1415
2023-05-08T00:00:00Z,arbitrum,3.609647012479366e+09,153978
2023-06-19T00:00:00Z,celo,4.683913390715995e+06,4553
2024-07-08T00:00:00Z,zkevm,1.0675926348499207e+07,3208
2024-04-22T00:00:00Z,linea,2.1461748589617288e+08,17910
2024-08-26T00:00:00Z,flare,701902.9271195573,396
2023-03-13T00:00:00Z,zksync,0,3
2022-10-17T00:00:00Z,bnb,1.485892158826105e+09,550240
2024-04-01T00:00:00Z,arbitrum,4.1034670177164407e+09,102306
2024-10-28T00:00:00Z,ronin,2.4920997368216872e+07,6656
2024-12-16T00:00:00Z,blast,1.758726072766696e+08,3156
2023-01-30T00:00:00Z,optimism,5.724762179865142e+08,27556
2024-01-01T00:00:00Z,zksync,5.930706076065918e+08,514666
2024-01-29T00:00:00Z,linea,6.71592604428723e+06,6048
2023-04-24T00:00:00Z,ronin,1.3873594724752696e+07,12507
2025-01-13T00:00:00Z,zkevm,7.572236214925272e+06,524
2022-08-08T00:00:00Z,nova,366777.738428541,6878
2024-05-20T00:00:00Z,base,4.525280034751561e+09,211462
2024-01-29T00:00:00Z,arbitrum,2.1721394190020185e+09,74095
2024-03-25T00:00:00Z,avalanche_c,8.642962204390763e+08,39563
2022-07-18T00:00:00Z,bnb,2.5180106468857946e+09,691628
2024-06-03T00:00:00Z,polygon,8.15433936421434e+08,62215
2024-02-19T00:00:00Z,fantom,2.3944412439738005e+07,9114
2024-10-14T00:00:00Z,linea,1.0488463951440881e+08,7040
2023-10-02T00:00:00Z,gnosis,5.563031336651557e+06,1938
2024-07-15T00:00:00Z,nova,190108.2651719538,913
2024-10-28T00:00:00Z,bnb,4.80560307714636e+09,441099
2023-02-27T00:00:00Z,kaia,1.0628891231635856e+06,2433
2025-02-10T00:00:00Z,base,1.7115191725451796e+09,672284
2023-01-16T00:00:00Z,celo,6.871737364508847e+06,656
2024-02-26T00:00:00Z,gnosis,3.3107562575669017e+07,3471
2022-12-05T00:00:00Z,gnosis,526756.3993741714,1248
2024-10-28T00:00:00Z,worldchain,4.544019889554593e+06,53748
2023-11-06T00:00:00Z,linea,8.154968697816818e+06,4778
2024-09-23T00:00:00Z,ethereum,8.911219994387585e+09,126478
2024-05-13T00:00:00Z,base,2.7329154263645024e+09,175936
2023-02-20T00:00:00Z,bnb,1.9383037616255696e+09,584484
2023-10-16T00:00:00Z,optimism,2.0868867636474103e+08,51388
2024-09-09T00:00:00Z,zora,587021.7112128799,7275
2023-12-04T00:00:00Z,avalanche_c,1.0430850589218209e+09,49089
2024-02-26T00:00:00Z,optimism,7.303300929690857e+08,93133
2024-08-05T00:00:00Z,ronin,5.1091676347626165e+07,7285
2023-05-01T00:00:00Z,arbitrum,4.72118999299367e+09,160726
2024-07-08T00:00:00Z,fantom,2.6719447323713344e+07,9459
2022-08-22T00:00:00Z,gnosis,1.6075721782051446e+06,1504
2024-02-19T00:00:00Z,zkevm,6.909877357371723e+06,2204
2024-04-08T00:00:00Z,flare,1.6107466210376893e+06,400
2022-10-10T00:00:00Z,kaia,187344.32734214296,165
2023-11-13T00:00:00Z,gnosis,2.3431489652926132e+07,2865
2023-02-27T00:00:00Z,ethereum,1.0164177551951511e+10,125948
2024-07-15T00:00:00Z,optimism,6.314508297988347e+08,271734
2024-05-06T00:00:00Z,blast,4.8300930727953327e+08,51878
2022-08-29T00:00:00Z,optimism,5.607998908061718e+08,17623
2024-04-22T00:00:00Z,ethereum,1.4037166709578941e+10,113304
2024-06-03T00:00:00Z,zksync,1.4584488377520484e+08,212685
2024-03-25T00:00:00Z,ronin,1.1512110876897582e+08,13548
2024-04-08T00:00:00Z,base,4.939440795142907e+09,309477
2024-01-29T00:00:00Z,base,4.232155729272761e+08,44294
2024-02-19T00:00:00Z,polygon,1.668771593691611e+09,83919
2024-01-15T00:00:00Z,zksync,4.6551094148266786e+08,438846
2023-07-31T00:00:00Z,linea,1.7349368006237543e+06,10177
2022-12-05T00:00:00Z,fantom,4.77422113809389e+07,11432
2024-04-01T00:00:00Z,gnosis,2.6954100603900645e+07,2328
2024-05-20T00:00:00Z,kaia,1.9882180113234952e+07,910
2024-12-16T00:00:00Z,ronin,1.3568702670794672e+08,6791
2022-10-31T00:00:00Z,bnb,2.6274679082970047e+09,769505
2024-07-15T00:00:00Z,blast,3.1266547797070414e+08,13108
2023-07-31T00:00:00Z,polygon,4.5434599830029726e+08,79284
2024-01-08T00:00:00Z,arbitrum,6.061647750853381e+09,83111
2024-10-28T00:00:00Z,scroll,1.0099489251564364e+08,27726
2023-08-07T00:00:00Z,base,8.89418584938514e+08,195469
2024-12-02T00:00:00Z,blast,1.5610322089184228e+08,4024
2024-12-23T00:00:00Z,fantom,3.8461399597197354e+07,11661
2024-07-15T00:00:00Z,scroll,1.7833610951694226e+08,77084
2024-08-19T00:00:00Z,sei,2.7452909720880583e+07,3887
2024-02-12T00:00:00Z,ronin,1.3277740041358042e+08,11194
2023-10-23T00:00:00Z,ronin,2.470259565814664e+07,5823
2025-01-20T00:00:00Z,boba,3443.742160687109,15
2025-01-27T00:00:00Z,sonic,1.7378518440119296e+08,5405
2023-02-06T00:00:00Z,bnb,2.3204302400160995e+09,570529
2023-12-18T00:00:00Z,avalanche_c,1.108836520269373e+09,52540
2024-07-15T00:00:00Z,polygon,8.772849735388368e+08,54559
2023-01-23T00:00:00Z,arbitrum,1.033861081476045e+09,77120
2023-04-17T00:00:00Z,polygon,7.79376992942004e+08,87349
2024-09-23T00:00:00Z,gnosis,2.062625592445728e+07,2261
2023-12-18T00:00:00Z,linea,1.2832188588602403e+07,10427
2024-03-04T00:00:00Z,flare,1.885200946277191e+06,399
2024-11-04T00:00:00Z,base,9.756023379704771e+09,3.225883e+06
2023-11-06T00:00:00Z,ethereum,1.0755164429411892e+10,192058
2023-09-04T00:00:00Z,gnosis,1.6644387080583642e+06,1953
2024-07-22T00:00:00Z,base,4.2441606258257895e+09,1.40848e+06
2024-09-09T00:00:00Z,fantom,4.0419025683474004e+07,13005
2024-11-18T00:00:00Z,arbitrum,8.458773294265146e+09,41131
2023-09-11T00:00:00Z,optimism,2.041057998954542e+08,95595
2024-08-05T00:00:00Z,fantom,5.215511615361783e+07,10132
2023-05-08T00:00:00Z,celo,2.839582798056757e+06,1244
2022-09-19T00:00:00Z,gnosis,1.4804733361254968e+06,1564
2022-11-14T00:00:00Z,arbitrum,5.587589868045454e+08,83876
2022-12-19T00:00:00Z,ronin,6.776375190430026e+06,9720
2024-12-09T00:00:00Z,corn,3219.944597223001,24
2024-02-26T00:00:00Z,nova,1.647664490960812e+06,5992
2023-06-12T00:00:00Z,ronin,1.2755890511331988e+07,9391
2024-07-29T00:00:00Z,mantle,3.197153656774345e+08,5116
2023-10-16T00:00:00Z,scroll,4.572578378931161e+06,18088
2024-06-17T00:00:00Z,mantle,3.889790933275281e+07,4485
2024-12-23T00:00:00Z,linea,1.4336320942822236e+08,8424
2022-08-01T00:00:00Z,arbitrum,2.9177807476832485e+08,20392
2024-07-22T00:00:00Z,flare,695503.9110974951,373
2022-09-05T00:00:00Z,kaia,97482.8856120794,285
2024-04-29T00:00:00Z,gnosis,2.6684124970798213e+07,2562
2022-07-11T00:00:00Z,ethereum,1.1587930327090044e+10,79424
2022-07-18T00:00:00Z,ethereum,1.4884631008596134e+10,92422
2024-04-01T00:00:00Z,optimism,6.092077399441154e+08,114383
2025-01-20T00:00:00Z,ronin,8.112451427126352e+07,11701
2024-09-09T00:00:00Z,celo,9.136956659141421e+07,2689
2023-12-18T00:00:00Z,ethereum,1.0190372824762102e+10,205429
2024-07-01T00:00:00Z,mantle,8.48300250757329e+07,4647
2024-10-21T00:00:00Z,blast,6.721191416803984e+07,5476
2024-03-18T00:00:00Z,ronin,1.3562871128637126e+08,12748
2024-07-01T00:00:00Z,boba,4168.579617890993,14
2023-12-11T00:00:00Z,zksync,4.2207007359218633e+08,388894
2024-02-12T00:00:00Z,ethereum,1.081488204120073e+10,212190
2023-08-07T00:00:00Z,zksync,4.586239523000741e+08,599112
2023-05-15T00:00:00Z,avalanche_c,1.2795913859546155e+08,62702
2024-09-02T00:00:00Z,bnb,3.595476403304182e+09,406103
2023-07-17T00:00:00Z,fantom,5.352581168562917e+07,27445
2023-09-04T00:00:00Z,avalanche_c,9.372809168881696e+07,24534
2022-12-26T00:00:00Z,ethereum,5.235503069954169e+09,82202
2024-01-15T00:00:00Z,celo,7.789287869351733e+06,2096
2024-12-02T00:00:00Z,linea,1.8880564773223382e+08,7210
2024-08-05T00:00:00Z,polygon,1.1752727975389879e+09,59175
2024-10-07T00:00:00Z,worldchain,137021.52973286167,1687
2023-08-28T00:00:00Z,ronin,5.648746622799932e+06,10220
2024-12-16T00:00:00Z,zkevm,1.2054341982602254e+07,1111
2023-09-25T00:00:00Z,base,3.054743383608797e+08,54137
2025-01-06T00:00:00Z,polygon,6.989163902242537e+08,133967
2024-05-13T00:00:00Z,polygon,7.912424439051036e+08,58270
2024-06-24T00:00:00Z,zora,152370.0594925688,3030
2024-09-02T00:00:00Z,worldchain,716.5856118622348,1
2024-11-04T00:00:00Z,polygon,2.0060958629059181e+09,148040
2024-01-15T00:00:00Z,scroll,2.1780962087788783e+07,52224
2022-11-14T00:00:00Z,nova,1.5622840118538584e+06,7374
2024-06-17T00:00:00Z,zora,184387.17609555804,3036
2025-02-10T00:00:00Z,flare,3.2394904292519996e+06,2391
2023-10-23T00:00:00Z,zkevm,1.3286530046700917e+07,6481
2023-05-29T00:00:00Z,zkevm,4.061507037006746e+06,7003
2023-08-14T00:00:00Z,kaia,457499.67169153097,2273
2025-02-03T00:00:00Z,kaia,3.4148599045656964e+07,930
2022-10-24T00:00:00Z,arbitrum,9.457195006981765e+08,176646
2023-11-06T00:00:00Z,avalanche_c,4.9102741070380455e+08,26107
2024-01-15T00:00:00Z,linea,9.999928072779853e+06,5778
2024-07-01T00:00:00Z,scroll,1.1942081997665597e+08,62111
2023-07-17T00:00:00Z,kaia,208525.7125919409,3808
2022-11-07T00:00:00Z,arbitrum,1.47286432327508e+09,109813
2023-08-28T00:00:00Z,kaia,117655.71080769831,2418
2024-08-05T00:00:00Z,linea,3.7213455360870695e+08,11346
2023-01-02T00:00:00Z,optimism,2.177303600847538e+08,84167
2022-07-04T00:00:00Z,polygon,7.446823447458922e+08,69765
2024-01-29T00:00:00Z,bnb,2.839603996258918e+09,461324
2024-12-02T00:00:00Z,fantom,1.2472652253255989e+08,35668
2024-03-04T00:00:00Z,gnosis,4.2065970181412846e+07,3440
2023-11-27T00:00:00Z,celo,4.149316295590194e+06,2984
2023-05-29T00:00:00Z,nova,4.0489907365452214e+06,21575
2024-09-02T00:00:00Z,ronin,2.0693557133242782e+07,6185
2023-10-16T00:00:00Z,ethereum,6.999060275612342e+09,151623
2023-11-20T00:00:00Z,gnosis,1.3362295767056419e+07,2429
2023-08-14T00:00:00Z,bnb,2.189812473450903e+09,395523
2024-03-18T00:00:00Z,avalanche_c,1.9530517162057061e+09,51681
2024-12-23T00:00:00Z,scroll,3.281146696738434e+07,6282
2023-08-07T00:00:00Z,arbitrum,9.631613429970287e+08,77102
2022-12-05T00:00:00Z,optimism,1.7449315243597576e+08,54809
2024-03-25T00:00:00Z,gnosis,2.9722591919166923e+07,2815
2025-02-10T00:00:00Z,gnosis,5.200217527332833e+06,1242
2024-04-15T00:00:00Z,ronin,5.4087891185863845e+07,9838
2024-03-11T00:00:00Z,linea,4.8800642124354884e+07,8479
2022-12-26T00:00:00Z,avalanche_c,9.920232453284547e+07,12801
2023-10-30T00:00:00Z,ethereum,9.111754626237259e+09,179388
2024-01-08T00:00:00Z,optimism,8.798338940979389e+08,76319
2022-07-11T00:00:00Z,bnb,2.1005031906430707e+09,705709
2023-06-19T00:00:00Z,gnosis,737601.9588699384,3067
2024-03-25T00:00:00Z,mantle,1.3824228097172028e+08,5820
2024-12-16T00:00:00Z,base,1.4426503195339052e+10,3.883224e+06
2023-07-10T00:00:00Z,celo,2.7318858371892953e+06,4478
2023-11-13T00:00:00Z,flare,2.4477323536167173e+06,584
2024-01-29T00:00:00Z,kaia,162934.77326714987,1360
2022-08-08T00:00:00Z,avalanche_c,2.927212496862138e+08,25284
2024-03-11T00:00:00Z,flare,1.814313901689845e+06,461
2024-07-29T00:00:00Z,flare,1.0100899056480257e+06,374
2022-11-28T00:00:00Z,bnb,1.5394629386197283e+09,574014
2023-03-20T00:00:00Z,polygon,1.082779576263494e+09,105669
2023-11-13T00:00:00Z,avalanche_c,9.044875454833907e+08,24075
2024-10-14T00:00:00Z,zksync,4.493240875717046e+07,7042
2024-02-19T00:00:00Z,bnb,5.391093941311214e+09,461711
2024-08-26T00:00:00Z,scroll,1.1210952987997308e+08,49256
2024-09-23T00:00:00Z,bnb,6.013774821249304e+09,476821
2024-07-22T00:00:00Z,nova,214550.20443005115,1257
2025-01-13T00:00:00Z,ronin,5.379650275634068e+07,4922
2024-08-05T00:00:00Z,gnosis,4.762627190448894e+07,2532
2024-08-26T00:00:00Z,blast,1.2041470373520154e+08,4860
2024-09-16T00:00:00Z,ronin,1.7566119546035975e+07,6872
2024-08-12T00:00:00Z,boba,678.0963999889316,6
2024-07-22T00:00:00Z,arbitrum,4.7736591618270445e+09,35427
2023-01-02T00:00:00Z,polygon,3.490701801965801e+08,56950
2022-11-21T00:00:00Z,polygon,8.692120701129364e+08,66307
2023-09-04T00:00:00Z,optimism,2.0944471339223588e+08,75981
2023-04-24T00:00:00Z,optimism,3.121899508210949e+08,30311
2023-09-25T00:00:00Z,avalanche_c,7.289455823103604e+07,17123
2024-12-02T00:00:00Z,scroll,6.169711586594276e+07,10070
2023-10-30T00:00:00Z,base,2.8628993244873154e+08,38677
2023-06-12T00:00:00Z,ethereum,8.039196785935826e+09,130220
2025-01-06T00:00:00Z,gnosis,3.4617112596065745e+07,2496
2024-04-01T00:00:00Z,flare,1.8517179375266766e+06,409
2022-10-03T00:00:00Z,kaia,249367.92009941072,172
2023-11-13T00:00:00Z,ethereum,1.0452994984559643e+10,191222
2024-12-23T00:00:00Z,zksync,6.525669058131498e+07,6874
2024-12-30T00:00:00Z,celo,3.133749197264503e+08,46529
2024-02-19T00:00:00Z,optimism,5.518478414327152e+08,174001
2024-12-16T00:00:00Z,fantom,9.419181330744508e+07,18424
2023-01-30T00:00:00Z,gnosis,978394.0700955472,1405
2022-12-19T00:00:00Z,optimism,1.5470062929164773e+08,65804
2023-04-17T00:00:00Z,optimism,4.637292919190094e+08,28134
2023-12-11T00:00:00Z,polygon,1.0458858578290604e+09,60185
2024-12-09T00:00:00Z,gnosis,4.922922343061527e+07,2623
2022-10-24T00:00:00Z,celo,4.857664179973251e+06,931
2024-03-18T00:00:00Z,base,3.10355249408345e+09,238091
2024-07-29T00:00:00Z,fantom,4.415025251361675e+07,10925
2024-05-13T00:00:00Z,zksync,3.054727020814229e+08,380616
2023-02-06T00:00:00Z,ethereum,1.4230586865892956e+10,137353
2024-07-22T00:00:00Z,gnosis,2.3163607474501148e+07,2230
2024-03-25T00:00:00Z,blast,6.480629936267009e+08,40744
2024-03-04T00:00:00Z,arbitrum,6.82953337793554e+09,58707
2024-12-30T00:00:00Z,ink,461934.8823334812,5577
2023-02-13T00:00:00Z,nova,1.846420151232241e+06,10449
2023-10-09T00:00:00Z,scroll,114367.20795733765,790
2023-10-30T00:00:00Z,fantom,6.1141044466742985e+07,11603
2024-07-29T00:00:00Z,base,4.54309321860707e+09,1.084234e+06
2022-11-07T00:00:00Z,celo,1.5751288758712787e+07,1210
2023-12-25T00:00:00Z,ronin,7.556389654246578e+07,14659
2024-05-13T00:00:00Z,kaia,1.0877649853384066e+07,882
2024-08-05T00:00:00Z,boba,3141.2175040679467,14
2023-07-31T00:00:00Z,ethereum,7.000005528062618e+09,171496
2023-03-27T00:00:00Z,bnb,1.6638021746899679e+09,534019
2023-02-27T00:00:00Z,arbitrum,2.0659566722805438e+09,141833
2022-08-01T00:00:00Z,optimism,6.894351470483464e+08,20427
2024-01-22T00:00:00Z,gnosis,1.4825907472971002e+07,4592
2023-05-01T00:00:00Z,celo,2.3033361853505233e+06,1122
2024-09-09T00:00:00Z,linea,1.0503785202822824e+08,11336
2023-10-30T00:00:00Z,flare,665377.403222081,407
2022-10-17T00:00:00Z,kaia,200792.99335718708,130
2024-10-28T00:00:00Z,ethereum,1.0723255496477964e+10,104539
2023-07-24T00:00:00Z,polygon,4.151963153391254e+08,87913
2024-01-01T00:00:00Z,bnb,3.9171578635826445e+09,464686
2023-11-20T00:00:00Z,scroll,1.0437474963847784e+07,28101
2024-09-02T00:00:00Z,celo,8.548800847309528e+07,1763
2024-08-26T00:00:00Z,nova,184835.0970494724,1459
2024-11-18T00:00:00Z,zkevm,1.6645839307315405e+07,858
2024-04-08T00:00:00Z,scroll,1.2945587237813136e+08,143190
2024-04-15T00:00:00Z,celo,7.016600787493384e+07,3317
2024-12-23T00:00:00Z,gnosis,2.93620999491689e+07,2369
2024-07-15T00:00:00Z,flare,1.0015934923789173e+06,470
2025-02-03T00:00:00Z,worldchain,5.266255559241955e+06,54148
2025-01-06T00:00:00Z,nova,270351.1851506046,182
2023-11-06T00:00:00Z,gnosis,2.6446113541668776e+07,3513
2023-07-31T00:00:00Z,bnb,2.0705757153392432e+09,446038
2023-05-08T00:00:00Z,optimism,2.9829039934972686e+08,21037
2024-03-04T00:00:00Z,base,1.2448157086651125e+09,86352
2024-12-09T00:00:00Z,zksync,8.479486452842319e+07,6919
2024-03-25T00:00:00Z,nova,1.5508008387464713e+06,4586
2025-01-20T00:00:00Z,worldchain,9.141302228415456e+06,93061
2023-12-18T00:00:00Z,bnb,3.1112912650526853e+09,471601
2023-12-25T00:00:00Z,arbitrum,3.982930355342499e+09,84244
2024-09-30T00:00:00Z,ronin,2.483589707476671e+07,7024
2024-08-12T00:00:00Z,celo,6.869814256639302e+07,897
2023-06-26T00:00:00Z,ethereum,8.04486772500335e+09,150140
2024-05-06T00:00:00Z,bnb,4.629044938518368e+09,417230
2024-12-09T00:00:00Z,mantle,5.756961055452331e+07,20604
2024-07-01T00:00:00Z,kaia,1.6375443215225967e+07,939
2022-06-27T00:00:00Z,arbitrum,4.4458384097520605e+07,8575
2023-09-11T00:00:00Z,fantom,9.257783406821525e+06,7322
2024-07-15T00:00:00Z,zkevm,6.224729843952441e+06,2766
2023-08-07T00:00:00Z,ronin,6.564706822522003e+06,12278
2024-10-14T00:00:00Z,kaia,2.853006071846739e+07,1137
2024-09-30T00:00:00Z,boba,2098.6062944427454,5
2024-12-23T00:00:00Z,blast,1.0527985139196883e+08,2264
2023-02-20T00:00:00Z,kaia,2.0774663607227334e+06,2578
2022-07-18T00:00:00Z,optimism,4.06931092909943e+08,11152
2025-02-10T00:00:00Z,sonic,2.1504952701226592e+07,1961
2024-11-18T00:00:00Z,linea,1.9915099882221928e+08,15308
2024-05-13T00:00:00Z,ronin,3.0201872843750328e+07,8318
2023-03-06T00:00:00Z,polygon,1.5665689163790493e+09,87300
2023-01-16T00:00:00Z,optimism,5.0262102008338445e+08,49139
2024-03-18T00:00:00Z,fantom,2.3140455542564213e+08,21301
2023-03-20T00:00:00Z,arbitrum,6.50599876401358e+09,172287
2024-05-20T00:00:00Z,bnb,5.929625490360316e+09,425438
2024-02-26T00:00:00Z,base,7.214908144866321e+08,62557
2024-07-15T00:00:00Z,base,4.089910265278648e+09,1.238383e+06
2024-06-10T00:00:00Z,zora,245600.06030641054,1717
2025-01-27T00:00:00Z,ronin,5.4928184126620375e+07,7521
2024-09-09T00:00:00Z,scroll,8.892619684151307e+07,48738
2024-07-15T00:00:00Z,sei,3.107136124229434e+07,1840
2024-07-22T00:00:00Z,zksync,9.991311369895191e+07,18313
2023-09-11T00:00:00Z,ethereum,6.0073735835080385e+09,144591
2024-11-18T00:00:00Z,fantom,9.142429546443716e+07,26310
2023-03-06T00:00:00Z,arbitrum,5.677109685539957e+09,113685
2024-02-26T00:00:00Z,avalanche_c,8.56948799620685e+08,34156
2024-07-29T00:00:00Z,linea,2.323735973607099e+08,13247
2024-12-30T00:00:00Z,worldchain,5.033091245265974e+06,71745
2024-09-16T00:00:00Z,celo,9.120413422617292e+07,2514
2024-04-29T00:00:00Z,kaia,1.3244192049731044e+07,895
2022-08-08T00:00:00Z,ethereum,1.2735569015496227e+10,104210
2024-11-04T00:00:00Z,worldchain,7.24756918068397e+06,55661
2022-10-03T00:00:00Z,ronin,1.9397793256649822e+07,21473
2023-09-11T00:00:00Z,flare,1.6392231221107861e+06,747
2024-09-02T00:00:00Z,boba,1121.79645795197,7
2022-10-03T00:00:00Z,arbitrum,4.6721735198660916e+08,50976
2024-07-08T00:00:00Z,optimism,5.492468902958689e+08,163315
2023-05-29T00:00:00Z,avalanche_c,1.710375136375916e+08,86834
2023-11-20T00:00:00Z,arbitrum,2.767095470718255e+09,96455
2023-07-17T00:00:00Z,arbitrum,1.7337198775310378e+09,86560
2025-01-27T00:00:00Z,blast,1.1810438412475803e+08,2061
2023-07-24T00:00:00Z,zksync,3.8770933157280487e+08,543322
2024-04-08T00:00:00Z,gnosis,5.196349021830608e+07,2681
2023-03-06T00:00:00Z,ronin,3.0334832918461215e+07,17453
2025-01-27T00:00:00Z,zksync,8.961642544437476e+07,4757
2022-09-19T00:00:00Z,avalanche_c,1.9343240636589572e+08,16182
2023-08-07T00:00:00Z,mantle,3.264994400607223e+07,3989
2024-05-20T00:00:00Z,celo,7.485724010514519e+07,1255
2022-11-21T00:00:00Z,kaia,109280.70793864204,105
2024-08-26T00:00:00Z,arbitrum,3.7659417938491135e+09,32861
2024-03-11T00:00:00Z,fantom,1.1339677776790716e+08,16487
2023-11-27T00:00:00Z,mantle,4.895358103597106e+07,6428
2024-05-13T00:00:00Z,blast,4.634750554782517e+08,63753
2024-10-14T00:00:00Z,polygon,7.774751243701025e+08,94916
2024-03-25T00:00:00Z,arbitrum,3.808540063919191e+09,154777
2025-01-13T00:00:00Z,mantle,1.1965191805685034e+08,5192
2024-02-12T00:00:00Z,fantom,2.191088876026976e+07,9562
2024-06-17T00:00:00Z,ronin,3.686679460953575e+07,7832
2024-10-07T00:00:00Z,sei,3.588648354597985e+07,4453
2024-09-02T00:00:00Z,kaia,1.1896400192742702e+07,932
2023-02-20T00:00:00Z,celo,4.95875461596299e+06,605
2023-01-09T00:00:00Z,avalanche_c,3.476094024746239e+08,15176
2024-01-01T00:00:00Z,ronin,5.580463173124216e+07,14875
2024-11-11T00:00:00Z,zora,873984.6993425591,7106
2023-01-09T00:00:00Z,fantom,1.2875133129495817e+08,15637
2024-09-30T00:00:00Z,polygon,6.705113064895145e+08,73476
2023-10-30T00:00:00Z,avalanche_c,2.409188345885061e+08,19134
2023-12-18T00:00:00Z,optimism,7.532761327272605e+08,150330
2022-09-19T00:00:00Z,optimism,5.084110099952578e+08,25781
2024-04-29T00:00:00Z,mantle,1.1238120510981748e+08,6620
2022-09-19T00:00:00Z,fantom,8.922258286363347e+07,16563
2024-11-11T00:00:00Z,sei,9.917815302993582e+07,2638
2023-12-25T00:00:00Z,scroll,2.2793463185924534e+07,43851
2024-10-21T00:00:00Z,worldchain,8.1678847185389055e+06,58063
2023-12-25T00:00:00Z,mantle,9.190494106747349e+07,10497
2023-06-26T00:00:00Z,zkevm,5.50283009716178e+06,13433
2024-04-22T00:00:00Z,arbitrum,3.700185828294883e+09,113310
2023-05-29T00:00:00Z,ethereum,6.888678120149868e+09,162444
2024-12-09T00:00:00Z,blast,1.2936787706822862e+08,3382
2024-12-09T00:00:00Z,arbitrum,8.388907965323353e+09,75837
2022-11-28T00:00:00Z,celo,8.147068459972067e+06,1045
2023-02-20T00:00:00Z,gnosis,758579.0371756097,1504
2024-02-05T00:00:00Z,linea,7.53947363848161e+06,4153
2023-07-10T00:00:00Z,ronin,1.4174205730459755e+07,8987
2023-07-24T00:00:00Z,mantle,8.445131293987922e+06,1435
2024-06-03T00:00:00Z,sei,2.237971431953354e+06,593
2025-02-10T00:00:00Z,nova,87907.95242630079,112
2024-04-15T00:00:00Z,zksync,4.630474230704674e+08,473148
2022-10-24T00:00:00Z,bnb,2.0746813977977147e+09,589855
2024-11-11T00:00:00Z,ethereum,2.038253678079229e+10,104223
2024-08-12T00:00:00Z,kaia,1.3566348591671202e+07,848
2024-06-24T00:00:00Z,base,3.7735471772079954e+09,968052
2024-12-30T00:00:00Z,ronin,4.243579958107337e+07,4571
2024-08-26T00:00:00Z,gnosis,1.8926105044908542e+07,1946
2022-10-31T00:00:00Z,arbitrum,8.974344878584068e+08,175139
2023-05-15T00:00:00Z,ethereum,6.6507031483818245e+09,187432
2024-10-14T00:00:00Z,arbitrum,3.7652453916574793e+09,42748
2023-03-06T00:00:00Z,gnosis,1.5292269455571715e+06,3941
2023-02-06T00:00:00Z,fantom,1.7701529795444474e+08,23114
2022-07-11T00:00:00Z,celo,5.6067417215962475e+06,2067
2023-09-25T00:00:00Z,fantom,9.522889167282816e+06,7844
2022-08-29T00:00:00Z,gnosis,1.384542176681754e+06,1313
2023-01-02T00:00:00Z,bnb,1.0176440279621637e+09,483564
2024-01-08T00:00:00Z,avalanche_c,7.974809849984871e+08,34601
2024-03-04T00:00:00Z,blast,1.0018742147677921e+09,28362
2024-04-08T00:00:00Z,polygon,1.628946397398175e+09,106141
2023-03-06T00:00:00Z,kaia,1.3240218929821409e+06,2281
2023-07-31T00:00:00Z,celo,9.363135327828394e+06,7276
2024-03-04T00:00:00Z,scroll,6.853913973282148e+07,87307
2023-08-07T00:00:00Z,gnosis,900968.5681169918,2057
2023-03-20T00:00:00Z,ronin,3.462237012802591e+07,16028
2023-01-30T00:00:00Z,nova,967504.328781622,7479
2023-06-19T00:00:00Z,zkevm,6.623886911170543e+06,12099
2024-07-08T00:00:00Z,zora,706972.584996877,7818
2024-09-16T00:00:00Z,blast,8.819180413249117e+07,5166
2023-01-23T00:00:00Z,fantom,1.946840107007354e+08,17030
2024-12-09T00:00:00Z,polygon,1.2667525241115298e+09,104155
2024-07-22T00:00:00Z,polygon,8.264022054947202e+08,56025
2023-11-27T00:00:00Z,kaia,261711.081776546,1167
2023-08-14T00:00:00Z,celo,5.828386145013253e+06,5972
2024-04-01T00:00:00Z,zkevm,3.9504850369378356e+06,2372
2022-10-17T00:00:00Z,ronin,1.933196757100374e+07,18048
2024-12-02T00:00:00Z,zkevm,2.1072001435703274e+07,941
2023-12-25T00:00:00Z,zksync,7.310111206045998e+08,570434
2022-10-17T00:00:00Z,arbitrum,3.3448754050965875e+08,67352
2024-10-28T00:00:00Z,base,7.9606264122085e+09,2.446855e+06
2024-05-13T00:00:00Z,mantle,9.342324615604316e+07,6111
2024-09-09T00:00:00Z,zksync,4.3621810253301606e+07,11488
2025-02-10T00:00:00Z,zksync,1.2517279312108018e+07,1425
2022-11-28T00:00:00Z,ronin,8.976330053432103e+06,8583
2024-07-22T00:00:00Z,mantle,2.2672293997865376e+08,5498
2024-11-25T00:00:00Z,zora,646242.251253661,5648
2024-04-01T00:00:00Z,base,4.741836187208385e+09,378922
2023-09-25T00:00:00Z,ethereum,5.272590370663253e+09,143273
2024-08-05T00:00:00Z,scroll,1.711338359914111e+08,59279
2023-02-20T00:00:00Z,arbitrum,2.317544528951312e+09,178559
2023-11-13T00:00:00Z,linea,1.1798560452164175e+07,6410
2024-07-01T00:00:00Z,avalanche_c,2.733452987539549e+08,11653
2024-07-01T00:00:00Z,fantom,3.432406897600326e+07,10400
2024-10-28T00:00:00Z,flare,5.98356318503342e+06,553
2024-04-29T00:00:00Z,nova,612193.7328822683,4046
2023-07-10T00:00:00Z,kaia,238450.02874487895,6165
2023-11-27T00:00:00Z,nova,937070.2725457645,9572
2024-12-30T00:00:00Z,boba,2121.950743527416,7
2024-08-05T00:00:00Z,blast,4.22228042358187e+08,8949
2022-07-25T00:00:00Z,ronin,2.927548056185693e+07,24558
2023-07-24T00:00:00Z,ronin,1.0177415837342534e+07,11167
2024-10-07T00:00:00Z,bnb,5.600822580784771e+09,438546
2024-07-22T00:00:00Z,blast,3.798652228924024e+08,10248
2024-05-20T00:00:00Z,optimism,1.1120145196568804e+09,273105
2023-11-06T00:00:00Z,arbitrum,3.25015888229058e+09,68397
2024-12-30T00:00:00Z,mantle,5.285595171105961e+07,8590
2024-04-15T00:00:00Z,kaia,2.011102670133874e+07,913
2024-02-12T00:00:00Z,avalanche_c,6.194436099186829e+08,28491
2024-06-10T00:00:00Z,base,4.740145732077813e+09,629664
2023-04-03T00:00:00Z,optimism,3.44264641405549e+08,41267
2022-09-05T00:00:00Z,fantom,8.952387824112259e+07,17540
2024-08-26T00:00:00Z,zksync,5.644295415004815e+07,15717
2023-10-16T00:00:00Z,avalanche_c,1.2989724561932176e+08,15330
2023-06-19T00:00:00Z,polygon,6.759333191708305e+08,126049
2025-01-13T00:00:00Z,zksync,7.642095077433345e+07,6682
2024-07-29T00:00:00Z,zkevm,7.314474751523651e+06,2101
2023-12-11T00:00:00Z,kaia,931043.9379413936,1577
2024-03-25T00:00:00Z,polygon,1.329121688643208e+09,108990
2022-10-17T00:00:00Z,gnosis,573304.1888216516,1264
2023-11-06T00:00:00Z,scroll,8.928035035616932e+06,35056
2023-04-10T00:00:00Z,celo,7.969566053362146e+06,1010
2023-04-03T00:00:00Z,avalanche_c,2.7945722658901995e+08,37042
2022-07-25T00:00:00Z,celo,8.503005367618553e+06,1868
2024-07-08T00:00:00Z,sei,2.7570465232304417e+07,1439
2022-12-12T00:00:00Z,celo,5.300598737779263e+06,872
2023-12-11T00:00:00Z,mantle,9.327434041518211e+07,8577
2022-09-05T00:00:00Z,ethereum,1.07397400373373e+10,94272
2024-12-02T00:00:00Z,avalanche_c,2.474156582608485e+09,16068
2022-07-04T00:00:00Z,gnosis,1.4394552228507116e+06,1246
2023-03-27T00:00:00Z,celo,7.326921493482046e+06,771
2022-09-12T00:00:00Z,gnosis,2.0828115711964746e+06,1582
2023-07-24T00:00:00Z,kaia,150356.16003675698,3329
2024-09-30T00:00:00Z,blast,8.04839885155726e+07,3400
2023-05-01T00:00:00Z,ronin,1.1805308184603695e+07,10959
2023-02-20T00:00:00Z,ronin,2.6751809925554484e+07,11838
2024-05-13T00:00:00Z,boba,2299.639224722355,12
2022-09-05T00:00:00Z,bnb,1.9524705350015736e+09,638241
2023-07-17T00:00:00Z,zksync,4.1593059364610314e+08,499045
2022-08-29T00:00:00Z,celo,2.889211989100907e+06,1692
2023-07-03T00:00:00Z,nova,2.2925071557779657e+06,13619
2024-09-02T00:00:00Z,arbitrum,3.3761024023707724e+09,30059
2022-12-26T00:00:00Z,nova,796428.5013298956,4424
2023-01-16T00:00:00Z,ronin,2.5396550033475675e+07,14856
2024-04-08T00:00:00Z,kaia,2.6898313632638607e+07,1075
2023-08-14T00:00:00Z,nova,2.5037387680901075e+06,15796
2024-03-18T00:00:00Z,zora,225462.43526027643,652
2022-10-03T00:00:00Z,bnb,1.89548370629348e+09,537698
2023-10-02T00:00:00Z,optimism,1.932382404115335e+08,45869
2024-12-02T00:00:00Z,optimism,1.3924018800458412e+09,25413
2024-06-17T00:00:00Z,polygon,7.571391928596709e+08,58824
2023-08-28T00:00:00Z,nova,2.2823723908619666e+06,14603
2024-04-08T00:00:00Z,nova,1.0455903579866146e+06,4181
2023-09-18T00:00:00Z,celo,3.909538850240984e+06,4306
2024-08-12T00:00:00Z,scroll,1.2086091852796699e+08,62842
2022-07-11T00:00:00Z,gnosis,2.053314585767785e+06,1509
2025-01-20T00:00:00Z,kaia,2.9222301424194552e+07,980
2022-11-14T00:00:00Z,kaia,99520.85516860896,121
2023-08-28T00:00:00Z,zksync,5.876381210681077e+08,613926
2023-09-11T00:00:00Z,zksync,6.622875769883934e+08,554688
2024-01-22T00:00:00Z,fantom,2.523888275870782e+07,11626
2023-03-27T00:00:00Z,zksync,1.354034169329912e+08,188107
2023-07-03T00:00:00Z,zksync,3.4676382690642864e+08,431059
2023-10-23T00:00:00Z,linea,1.321312586752115e+07,10061
2022-09-26T00:00:00Z,ethereum,8.611228902085432e+09,98832
2023-10-02T00:00:00Z,polygon,5.134697273212096e+08,52013
2023-10-02T00:00:00Z,arbitrum,1.1133791609789684e+09,54333
2023-07-17T00:00:00Z,linea,1.9199749214300849e+06,7317
2022-12-19T00:00:00Z,fantom,4.550648213853654e+07,12309
2023-03-20T00:00:00Z,celo,8.193705066087928e+06,642
2023-12-04T00:00:00Z,linea,1.2799936497924345e+07,10651
2025-01-27T00:00:00Z,sei,4.1583675807537034e+07,1453
2024-11-11T00:00:00Z,avalanche_c,1.9164906037505872e+09,12096
2023-04-10T00:00:00Z,nova,9.249691162868459e+06,19028
2022-09-12T00:00:00Z,polygon,1.1549704119469357e+09,72362
2024-10-14T00:00:00Z,bnb,5.593865938265235e+09,437903
2023-07-03T00:00:00Z,avalanche_c,2.6109703101698098e+08,59723
2023-10-16T00:00:00Z,polygon,5.671750339110638e+08,55545
2024-03-18T00:00:00Z,optimism,7.617661304792792e+08,74104
2025-02-10T00:00:00Z,ethereum,3.324167045092861e+09,36380
2024-05-27T00:00:00Z,zora,397658.64472967846,2705
2024-01-22T00:00:00Z,celo,1.1327788898242319e+07,1995
2024-08-19T00:00:00Z,gnosis,1.6457678229172522e+07,1888
2022-09-26T00:00:00Z,ronin,1.0364221572196715e+07,25034
2024-02-12T00:00:00Z,nova,661356.1996341948,7205
2022-11-28T00:00:00Z,kaia,175008.4183322397,132
2023-01-30T00:00:00Z,ethereum,1.1133311610953087e+10,142776
2024-06-03T00:00:00Z,blast,5.5390790998517e+08,71245
2025-01-27T00:00:00Z,optimism,8.224560605012735e+08,17753
2022-08-01T00:00:00Z,celo,6.080551043924674e+06,1726
2024-07-22T00:00:00Z,avalanche_c,6.574607593229761e+08,9566
2024-10-07T00:00:00Z,base,5.550479776852587e+09,4.244436e+06
2023-06-19T00:00:00Z,ronin,1.5995182900759509e+07,8370
2024-05-06T00:00:00Z,kaia,9.752947819689821e+06,849
2024-07-01T00:00:00Z,linea,3.479269391227081e+08,17633
2023-05-08T00:00:00Z,fantom,6.597505905007102e+07,14493
2024-09-09T00:00:00Z,flare,629646.9818851353,400
2023-01-02T00:00:00Z,fantom,3.932530150082332e+07,11899
2023-10-09T00:00:00Z,bnb,1.4623645739286284e+09,333382
2023-07-31T00:00:00Z,zksync,4.05388720192662e+08,589148
2023-09-25T00:00:00Z,zksync,6.307897545654371e+08,572248
2023-04-10T00:00:00Z,zksync,3.442643415332386e+08,218562
2024-01-01T00:00:00Z,nova,703981.0583717881,8483
2024-05-06T00:00:00Z,linea,1.9223742143490255e+08,22904
2023-09-25T00:00:00Z,nova,786277.7465303558,13170
2023-02-13T00:00:00Z,avalanche_c,4.8079659488970494e+08,12405
2024-06-10T00:00:00Z,fantom,3.521360734782149e+07,10761
2024-02-19T00:00:00Z,ronin,2.0794554406418243e+08,19470
2023-09-18T00:00:00Z,flare,2.2836274154055505e+06,695
2023-02-13T00:00:00Z,ronin,2.4177920115685366e+07,13545
2023-08-14T00:00:00Z,zksync,4.5865941425301474e+08,566325
2025-01-13T00:00:00Z,optimism,1.16039312386215e+09,16745
2024-12-16T00:00:00Z,arbitrum,9.281638022147778e+09,57070
2023-11-20T00:00:00Z,zksync,4.659466107085791e+08,412807
2022-10-10T00:00:00Z,avalanche_c,1.2416731712363812e+08,14190
2023-09-04T00:00:00Z,celo,3.0471950817900314e+06,3734
2024-07-22T00:00:00Z,ronin,2.564910505156851e+07,7690
2024-11-04T00:00:00Z,zora,2.1548781817855383e+06,9427
2024-09-23T00:00:00Z,boba,963.331118699634,6
2024-11-18T00:00:00Z,polygon,1.4486951707423575e+09,111578
2024-10-21T00:00:00Z,polygon,8.733129343026499e+08,110054
2023-09-11T00:00:00Z,gnosis,2.1428677221264797e+06,2064
2023-02-27T00:00:00Z,avalanche_c,2.3187522777840123e+08,9981
2024-01-01T00:00:00Z,mantle,1.0342835083361664e+08,8800
2024-11-04T00:00:00Z,arbitrum,5.816746949455818e+09,40766
2024-05-20T00:00:00Z,mantle,1.9889540938741964e+08,5380
2024-02-05T00:00:00Z,optimism,3.455043193132896e+08,64826
2023-01-02T00:00:00Z,ethereum,5.498401170828704e+09,97850
2022-08-15T00:00:00Z,fantom,1.42370764168965e+08,20843
2024-01-01T00:00:00Z,kaia,2.01782878795076e+06,1505
2023-08-28T00:00:00Z,mantle,2.7596365472015567e+07,7741
2024-11-11T00:00:00Z,worldchain,1.2583080952888718e+07,73873
2023-01-30T00:00:00Z,ronin,3.996779048011118e+07,16531
2024-05-06T00:00:00Z,boba,706.9548888125354,8
2024-01-29T00:00:00Z,scroll,2.5420743374259576e+07,58086
2024-11-18T00:00:00Z,flare,1.0874603669533093e+07,576
2023-03-27T00:00:00Z,gnosis,492043.64543705893,1839
2025-02-10T00:00:00Z,fantom,1.96819410427925e+06,2747
2024-01-01T00:00:00Z,linea,8.651375949274728e+06,7249
2023-06-19T00:00:00Z,avalanche_c,2.4082644375864395e+08,59353
2025-02-03T00:00:00Z,linea,1.7819759762066284e+08,7004
2024-11-25T00:00:00Z,zkevm,1.599942365034353e+07,868
2023-09-25T00:00:00Z,linea,1.061088418676662e+07,15142
2025-02-10T00:00:00Z,ink,95539.519640194,1070
2024-03-04T00:00:00Z,ronin,2.2509869158001676e+08,16368
2024-09-16T00:00:00Z,gnosis,2.734479593928565e+07,2225
2024-10-14T00:00:00Z,boba,86.13961826881953,1
2024-09-09T00:00:00Z,base,3.2951329712664156e+09,3.257234e+06
2024-11-04T00:00:00Z,ethereum,1.5529355988074833e+10,110587
2022-11-28T00:00:00Z,nova,1.260192300348694e+06,7479
2023-09-11T00:00:00Z,nova,1.0845896928464728e+06,12213
2024-06-03T00:00:00Z,scroll,5.660684737562675e+07,149078
2023-09-18T00:00:00Z,fantom,7.933366081442471e+06,7698
2025-02-10T00:00:00Z,celo,3.984233838748419e+07,8301
2023-12-25T00:00:00Z,celo,2.2434106878105763e+07,2608
2023-11-20T00:00:00Z,zkevm,7.861062416438501e+06,3236
2025-02-10T00:00:00Z,ronin,1.074976061198195e+07,2144
2024-11-11T00:00:00Z,bnb,1.1814784630064856e+10,417337
2024-02-12T00:00:00Z,scroll,7.128531947907747e+07,92170
2023-11-20T00:00:00Z,linea,3.804679806985622e+07,33456
2024-01-15T00:00:00Z,mantle,8.34593568719846e+07,10519
2022-09-12T00:00:00Z,ethereum,1.109734497635662e+10,99365
2025-01-13T00:00:00Z,sei,3.482446461636287e+07,1464
2024-09-02T00:00:00Z,sei,3.823372845249508e+07,1209
2023-04-03T00:00:00Z,zkevm,813143.5949939215,4794
2025-02-10T00:00:00Z,corn,22146.9778281773,17
2024-11-04T00:00:00Z,optimism,1.0402533712385541e+09,26714
2024-07-29T00:00:00Z,ethereum,1.490846507299018e+10,100352
2024-05-20T00:00:00Z,linea,4.7124581572814184e+08,40081
2024-01-15T00:00:00Z,bnb,3.18281717587556e+09,475841
2022-08-15T00:00:00Z,celo,5.263834958804725e+06,1951
2025-02-03T00:00:00Z,mantle,1.125527595234942e+08,6047
2022-12-19T00:00:00Z,celo,3.3709629183266093e+06,613
2023-09-04T00:00:00Z,base,2.820435932844583e+08,54989
2024-09-23T00:00:00Z,linea,1.1782769014352019e+08,9845
2023-12-18T00:00:00Z,kaia,781414.6272981105,1666
2024-05-20T00:00:00Z,boba,5852.676999998064,11
2024-07-01T00:00:00Z,blast,5.738425804614414e+08,27608
2023-10-30T00:00:00Z,optimism,3.287161129068206e+08,52349
2024-12-16T00:00:00Z,optimism,1.5355795346756473e+09,20672
