time,project,amount_usd
2024-11-18 00:00:00.000 UTC,pumpdotfun,3.057558380648576e+09
2024-12-09 00:00:00.000 UTC,meteora,3.6580958166692247e+09
2024-01-29 00:00:00.000 UTC,lifinity,7.063430031675771e+08
2022-08-22 00:00:00.000 UTC,raydium,8.181785502307898e+07
2024-05-20 00:00:00.000 UTC,goosefx_ssl,183433.40765904932
2024-09-09 00:00:00.000 UTC,pumpdotfun,2.440167374802974e+08
2024-07-01 00:00:00.000 UTC,raydium,7.797365839418102e+09
2023-02-20 00:00:00.000 UTC,phoenix,0
2023-04-17 00:00:00.000 UTC,raydium,4.9347052582795605e+07
2024-09-23 00:00:00.000 UTC,whirlpool,2.6740786672386975e+09
2024-06-10 00:00:00.000 UTC,meteora,1.2425833685235765e+09
2025-01-06 00:00:00.000 UTC,pumpdotfun,2.23769796821733e+09
2022-09-05 00:00:00.000 UTC,raydium,8.689743110188425e+07
2023-10-23 00:00:00.000 UTC,lifinity,8.174018742423414e+07
2023-07-03 00:00:00.000 UTC,phoenix,9.51586636334331e+06
2024-09-16 00:00:00.000 UTC,meteora,8.149286478219732e+08
2024-06-17 00:00:00.000 UTC,pumpdotfun,4.432537251381677e+08
2025-01-27 00:00:00.000 UTC,phoenix,8.408152457579302e+08
2023-02-06 00:00:00.000 UTC,raydium,4.9780596586586624e+07
2024-10-28 00:00:00.000 UTC,phoenix,5.547225830078198e+08
2024-07-01 00:00:00.000 UTC,whirlpool,2.980968426150988e+09
2024-04-01 00:00:00.000 UTC,lifinity,1.459215141560311e+09
2022-07-25 00:00:00.000 UTC,lifinity,3.650251084769008e+07
2023-09-25 00:00:00.000 UTC,phoenix,9.832343325436102e+06
2024-09-02 00:00:00.000 UTC,whirlpool,2.148316199629152e+09
2024-08-12 00:00:00.000 UTC,goosefx_ssl,1.6659489672493655e+06
2023-10-30 00:00:00.000 UTC,meteora,6.2233624599446796e+07
2023-03-13 00:00:00.000 UTC,meteora,4.504488885198926e+06
2022-09-19 00:00:00.000 UTC,meteora,37683.67252292965
2023-09-11 00:00:00.000 UTC,phoenix,1.0921402367094552e+07
2022-10-10 00:00:00.000 UTC,meteora,36982.99648415307
2024-09-02 00:00:00.000 UTC,raydium,2.6848275759579983e+09
2023-05-15 00:00:00.000 UTC,whirlpool,8.292624711241692e+07
2023-02-27 00:00:00.000 UTC,lifinity,2.4590016646662932e+07
2024-01-22 00:00:00.000 UTC,lifinity,5.947440475420073e+08
2023-10-16 00:00:00.000 UTC,phoenix,2.3508666403014794e+07
2024-01-29 00:00:00.000 UTC,whirlpool,2.7335019662664094e+09
2023-01-30 00:00:00.000 UTC,whirlpool,1.658380862116142e+08
2024-10-07 00:00:00.000 UTC,lifinity,7.007941524392666e+08
2024-06-24 00:00:00.000 UTC,meteora,9.040764837884679e+08
2024-03-18 00:00:00.000 UTC,phoenix,1.493244660420087e+09
2023-02-13 00:00:00.000 UTC,lifinity,5.0279380851743415e+07
2023-07-17 00:00:00.000 UTC,whirlpool,1.3516323610792887e+08
2024-11-04 00:00:00.000 UTC,phoenix,8.264233772583104e+08
2023-07-03 00:00:00.000 UTC,whirlpool,1.3881317690299523e+08
2024-08-26 00:00:00.000 UTC,goosefx_ssl,412802.4671163063
2024-06-03 00:00:00.000 UTC,pumpdotfun,4.8378031088516444e+08
2024-11-25 00:00:00.000 UTC,phoenix,9.649570783680189e+08
2022-12-26 00:00:00.000 UTC,lifinity,1.9579230475242686e+07
2025-02-10 00:00:00.000 UTC,pumpdotfun,4.998527884803001e+08
2022-07-04 00:00:00.000 UTC,lifinity,2.82548482320765e+07
2023-02-27 00:00:00.000 UTC,raydium,3.564886697007199e+07
2022-11-07 00:00:00.000 UTC,whirlpool,4.183775524987285e+08
2024-11-11 00:00:00.000 UTC,raydium,3.67515218524636e+10
2024-12-02 00:00:00.000 UTC,lifinity,6.547136852126448e+09
2025-02-03 00:00:00.000 UTC,raydium,3.298467287978448e+10
2023-10-16 00:00:00.000 UTC,whirlpool,1.7323217810782826e+08
2023-07-24 00:00:00.000 UTC,phoenix,7.547052653453629e+06
2023-03-20 00:00:00.000 UTC,lifinity,5.514192007822903e+07
2024-09-02 00:00:00.000 UTC,goosefx_ssl,258525.16149061685
2024-06-24 00:00:00.000 UTC,whirlpool,2.1010163157434525e+09
2023-12-25 00:00:00.000 UTC,goosefx_ssl,1.002440968935865e+07
2023-01-30 00:00:00.000 UTC,raydium,4.934349918545294e+07
2024-11-25 00:00:00.000 UTC,raydium,2.8277414678175797e+10
2024-12-02 00:00:00.000 UTC,whirlpool,7.225304322520777e+09
2022-10-03 00:00:00.000 UTC,meteora,1527.2688062659522
2024-08-26 00:00:00.000 UTC,phoenix,4.0870911250494015e+08
2023-10-30 00:00:00.000 UTC,lifinity,1.1228221105303809e+08
2023-04-24 00:00:00.000 UTC,whirlpool,1.2900227647834969e+08
2024-03-11 00:00:00.000 UTC,goosefx_ssl,1.6261758079487595e+06
2023-05-08 00:00:00.000 UTC,meteora,1.6924283958923607e+06
2023-05-29 00:00:00.000 UTC,lifinity,3.244200093740199e+07
2024-04-15 00:00:00.000 UTC,meteora,1.3890195147873287e+09
2023-05-01 00:00:00.000 UTC,raydium,1.1535668442384593e+08
2023-07-31 00:00:00.000 UTC,raydium,3.332205218867472e+07
2024-05-27 00:00:00.000 UTC,phoenix,6.694893051908973e+08
2022-09-19 00:00:00.000 UTC,lifinity,2.767653788226616e+07
2023-04-17 00:00:00.000 UTC,phoenix,676117.6501518035
2024-06-17 00:00:00.000 UTC,goosefx_ssl,247450.91154753327
2024-04-08 00:00:00.000 UTC,whirlpool,3.7331341426737623e+09
2023-12-25 00:00:00.000 UTC,phoenix,3.553375673782457e+08
2023-05-15 00:00:00.000 UTC,meteora,1.4186061576633672e+06
2022-08-29 00:00:00.000 UTC,whirlpool,1.2050766710549468e+08
2022-09-05 00:00:00.000 UTC,meteora,86718.60621225789
2023-07-24 00:00:00.000 UTC,whirlpool,9.096243231776583e+07
2022-10-03 00:00:00.000 UTC,lifinity,1.2290721895657446e+07
2024-08-19 00:00:00.000 UTC,raydium,3.7077639847278414e+09
2024-08-12 00:00:00.000 UTC,pumpdotfun,4.9127540489242655e+08
2023-05-08 00:00:00.000 UTC,whirlpool,1.3336131218629907e+08
2023-08-14 00:00:00.000 UTC,meteora,5.026976236151235e+06
2023-10-02 00:00:00.000 UTC,phoenix,1.5601824704102254e+07
2024-08-26 00:00:00.000 UTC,pumpdotfun,2.9901087387008643e+08
2024-04-01 00:00:00.000 UTC,meteora,2.182521060233881e+09
2024-01-08 00:00:00.000 UTC,whirlpool,2.1713135082209306e+09
2024-01-15 00:00:00.000 UTC,lifinity,5.042514051942705e+08
2024-08-12 00:00:00.000 UTC,phoenix,4.1895706199692607e+08
2024-07-01 00:00:00.000 UTC,lifinity,8.261638851350398e+08
2024-05-27 00:00:00.000 UTC,pumpdotfun,5.0121531988767964e+08
2024-09-09 00:00:00.000 UTC,whirlpool,1.8831433793317552e+09
2024-06-10 00:00:00.000 UTC,whirlpool,2.2924782441632385e+09
2024-03-18 00:00:00.000 UTC,raydium,1.2057581887772928e+10
2023-12-25 00:00:00.000 UTC,whirlpool,2.770461872178287e+09
2024-06-24 00:00:00.000 UTC,raydium,7.918874504322104e+09
2024-12-23 00:00:00.000 UTC,pumpdotfun,1.6656374869208221e+09
2024-04-01 00:00:00.000 UTC,whirlpool,4.450390701622198e+09
2023-05-29 00:00:00.000 UTC,whirlpool,1.0386156351673111e+08
2023-08-07 00:00:00.000 UTC,raydium,3.54368031773705e+07
2022-10-10 00:00:00.000 UTC,lifinity,2.345619930570598e+07
2023-02-20 00:00:00.000 UTC,raydium,4.586992013135307e+07
2024-01-01 00:00:00.000 UTC,whirlpool,2.019274664251854e+09
2024-09-02 00:00:00.000 UTC,pumpdotfun,2.5970679669813585e+08
2024-11-25 00:00:00.000 UTC,whirlpool,1.0348642469639193e+10
2024-01-01 00:00:00.000 UTC,raydium,1.4615956362766774e+09
2022-11-07 00:00:00.000 UTC,raydium,3.728878708790188e+08
2024-09-30 00:00:00.000 UTC,lifinity,7.976185903300377e+08
2024-05-27 00:00:00.000 UTC,goosefx_ssl,8.497833385065893e+06
2022-09-12 00:00:00.000 UTC,meteora,5640.4361824226635
2023-10-09 00:00:00.000 UTC,goosefx_ssl,72040.92083193018
2023-07-17 00:00:00.000 UTC,phoenix,1.156966831195773e+07
2023-02-13 00:00:00.000 UTC,meteora,2.0453968915286006e+06
2023-07-03 00:00:00.000 UTC,raydium,5.6744797895287186e+07
2023-07-24 00:00:00.000 UTC,raydium,3.5536042819281206e+07
2024-09-09 00:00:00.000 UTC,raydium,2.731826164921182e+09
2024-11-11 00:00:00.000 UTC,pumpdotfun,2.264635088680263e+09
2024-08-19 00:00:00.000 UTC,goosefx_ssl,508887.06223514146
2023-03-06 00:00:00.000 UTC,meteora,5.374376199039475e+06
2023-08-07 00:00:00.000 UTC,meteora,5.367177334697697e+06
2022-12-19 00:00:00.000 UTC,lifinity,9.690926029356405e+06
2024-09-23 00:00:00.000 UTC,meteora,1.1511574232509835e+09
2024-07-01 00:00:00.000 UTC,meteora,1.0849512531545494e+09
2025-02-03 00:00:00.000 UTC,phoenix,6.629142548200827e+08
2024-01-15 00:00:00.000 UTC,meteora,3.1300968511559397e+08
2022-11-14 00:00:00.000 UTC,whirlpool,1.0995492664165416e+08
2024-12-09 00:00:00.000 UTC,lifinity,5.638836795819679e+09
2022-08-29 00:00:00.000 UTC,raydium,7.266781636233771e+07
2022-11-14 00:00:00.000 UTC,raydium,9.220320856418146e+07
2024-11-11 00:00:00.000 UTC,phoenix,1.5942157459320774e+09
2025-02-10 00:00:00.000 UTC,raydium,1.0571458924880695e+11
2023-02-06 00:00:00.000 UTC,whirlpool,1.3112937898958546e+08
2023-08-14 00:00:00.000 UTC,lifinity,3.224634320910359e+07
2022-06-27 00:00:00.000 UTC,lifinity,1.5027870594036445e+07
2024-06-03 00:00:00.000 UTC,raydium,9.858967239383774e+09
2024-03-25 00:00:00.000 UTC,whirlpool,4.3988779114144e+09
2024-03-11 00:00:00.000 UTC,phoenix,1.533559720026679e+09
2023-12-18 00:00:00.000 UTC,phoenix,4.230155754765977e+08
2024-01-29 00:00:00.000 UTC,meteora,1.2064427569321737e+09
2023-06-26 00:00:00.000 UTC,phoenix,9.938919548477167e+06
2022-11-28 00:00:00.000 UTC,lifinity,1.5298388743135592e+07
2022-11-21 00:00:00.000 UTC,meteora,17000.67988190471
2024-09-16 00:00:00.000 UTC,whirlpool,2.0845965876261501e+09
2023-10-09 00:00:00.000 UTC,phoenix,1.3257545253538324e+07
2024-06-17 00:00:00.000 UTC,raydium,8.408147332046393e+09
2025-02-03 00:00:00.000 UTC,pumpdotfun,1.9208635437620895e+09
2023-02-20 00:00:00.000 UTC,whirlpool,1.5289551624419713e+08
2022-11-28 00:00:00.000 UTC,meteora,5865.675319211761
2022-12-12 00:00:00.000 UTC,meteora,9333.469719156412
2024-07-08 00:00:00.000 UTC,lifinity,6.380791361092222e+08
2023-03-13 00:00:00.000 UTC,lifinity,5.9071901111524336e+07
2024-02-05 00:00:00.000 UTC,lifinity,4.476744025395795e+08
2023-10-16 00:00:00.000 UTC,raydium,7.944433836799297e+07
2024-05-06 00:00:00.000 UTC,goosefx_ssl,361976.708824402
2024-08-05 00:00:00.000 UTC,goosefx_ssl,5.156610674670479e+06
2023-09-04 00:00:00.000 UTC,lifinity,2.180430488273481e+07
2024-12-02 00:00:00.000 UTC,meteora,3.121191799415015e+09
2024-04-22 00:00:00.000 UTC,lifinity,9.561548860248199e+08
2025-01-06 00:00:00.000 UTC,phoenix,4.8263068313761544e+08
2023-04-17 00:00:00.000 UTC,meteora,1.5862719250236384e+06
2022-07-11 00:00:00.000 UTC,whirlpool,1.6582685661372223e+08
2022-07-18 00:00:00.000 UTC,lifinity,3.9462773174023665e+07
2023-10-23 00:00:00.000 UTC,goosefx_ssl,3.367454976455177e+06
2024-06-03 00:00:00.000 UTC,phoenix,5.715322747001635e+08
2023-01-23 00:00:00.000 UTC,whirlpool,1.9166505355895066e+08
2024-05-06 00:00:00.000 UTC,whirlpool,2.0121238303227582e+09
2022-10-17 00:00:00.000 UTC,meteora,7041.366349714637
2024-11-11 00:00:00.000 UTC,meteora,3.6824529851892242e+09
2024-07-08 00:00:00.000 UTC,phoenix,4.8763062882130426e+08
2023-06-05 00:00:00.000 UTC,lifinity,9.088308220019342e+07
2024-11-18 00:00:00.000 UTC,raydium,4.142507512892833e+10
2024-10-21 00:00:00.000 UTC,lifinity,2.1310611858649461e+09
2024-05-20 00:00:00.000 UTC,pumpdotfun,5.436668502030987e+08
2023-08-28 00:00:00.000 UTC,whirlpool,6.839134841291499e+07
2024-04-29 00:00:00.000 UTC,meteora,1.252773804603289e+09
2024-12-16 00:00:00.000 UTC,lifinity,6.460138397098319e+09
2024-04-08 00:00:00.000 UTC,meteora,2.246927954791597e+09
2023-05-22 00:00:00.000 UTC,meteora,1.791580639292117e+06
2023-01-02 00:00:00.000 UTC,raydium,1.1485914309096758e+08
2023-04-03 00:00:00.000 UTC,raydium,2.8287850706977215e+07
2024-08-26 00:00:00.000 UTC,lifinity,5.089207190778638e+08
2024-08-19 00:00:00.000 UTC,pumpdotfun,3.1996139310394335e+08
2024-12-09 00:00:00.000 UTC,whirlpool,5.741622846472835e+09
2023-12-04 00:00:00.000 UTC,phoenix,2.598004547437597e+08
2023-02-27 00:00:00.000 UTC,whirlpool,9.865588008171135e+07
2024-01-08 00:00:00.000 UTC,lifinity,6.369866530320443e+08
2023-05-08 00:00:00.000 UTC,raydium,1.0629705460374607e+08
2023-01-16 00:00:00.000 UTC,meteora,1.634683700744045e+06
2022-10-31 00:00:00.000 UTC,lifinity,3.158618047023307e+07
2023-12-25 00:00:00.000 UTC,meteora,3.538938720353992e+08
2023-04-24 00:00:00.000 UTC,raydium,4.6578127022285335e+07
2024-08-05 00:00:00.000 UTC,whirlpool,4.840868931126665e+09
2024-04-15 00:00:00.000 UTC,whirlpool,2.7341442907383976e+09
2023-01-30 00:00:00.000 UTC,lifinity,3.241995001433571e+07
2023-09-18 00:00:00.000 UTC,lifinity,1.8233785402906865e+07
2024-10-07 00:00:00.000 UTC,phoenix,5.591989663688966e+08
2023-03-27 00:00:00.000 UTC,phoenix,254834.8364288752
2023-08-21 00:00:00.000 UTC,meteora,3.6534406827795515e+06
2022-07-25 00:00:00.000 UTC,whirlpool,2.1906880378256482e+08
2024-05-06 00:00:00.000 UTC,lifinity,8.423927134007704e+08
2023-09-04 00:00:00.000 UTC,raydium,2.617936203087518e+07
2024-12-30 00:00:00.000 UTC,pumpdotfun,2.041633477754219e+09
2024-01-01 00:00:00.000 UTC,meteora,1.9850004434464517e+08
2023-02-20 00:00:00.000 UTC,lifinity,5.266486689564071e+07
2024-09-23 00:00:00.000 UTC,lifinity,6.093563435716393e+08
2024-07-22 00:00:00.000 UTC,meteora,1.420175308542639e+09
2023-12-18 00:00:00.000 UTC,raydium,2.8675084187055736e+09
2023-01-09 00:00:00.000 UTC,raydium,1.3539578839700687e+08
2024-07-08 00:00:00.000 UTC,goosefx_ssl,1.8614112185907168e+06
2024-02-05 00:00:00.000 UTC,meteora,6.301049801579213e+08
2024-07-22 00:00:00.000 UTC,pumpdotfun,6.16175823222542e+08
2025-01-06 00:00:00.000 UTC,whirlpool,1.3683766084154227e+11
2024-12-16 00:00:00.000 UTC,whirlpool,6.884380180262739e+09
2023-12-11 00:00:00.000 UTC,phoenix,4.9043197176053214e+08
2023-05-08 00:00:00.000 UTC,phoenix,2.5386653105415883e+06
2024-10-28 00:00:00.000 UTC,whirlpool,3.7411008349264235e+09
2024-11-18 00:00:00.000 UTC,lifinity,3.69539408330566e+09
2024-03-25 00:00:00.000 UTC,goosefx_ssl,9.972031909404268e+06
2024-08-19 00:00:00.000 UTC,lifinity,4.0718543687494004e+08
2025-01-06 00:00:00.000 UTC,raydium,2.8524908827310192e+10
2024-12-30 00:00:00.000 UTC,phoenix,5.016004170588068e+08
2023-08-21 00:00:00.000 UTC,whirlpool,7.869401647318394e+07
2023-08-28 00:00:00.000 UTC,lifinity,1.987589568469902e+07
2024-12-23 00:00:00.000 UTC,lifinity,3.0700589133366523e+09
2023-05-22 00:00:00.000 UTC,whirlpool,8.019369251244241e+07
2024-10-21 00:00:00.000 UTC,raydium,1.6936938143364582e+10
2024-05-13 00:00:00.000 UTC,pumpdotfun,6.208287224223638e+08
2023-11-27 00:00:00.000 UTC,phoenix,7.757145742521864e+07
2024-04-22 00:00:00.000 UTC,pumpdotfun,6.980158912650113e+07
2023-01-23 00:00:00.000 UTC,meteora,1.2122754464349507e+06
2023-04-24 00:00:00.000 UTC,phoenix,576660.771551886
2023-07-03 00:00:00.000 UTC,lifinity,7.496106600159945e+07
2022-12-19 00:00:00.000 UTC,meteora,235252.29400446633
2023-04-10 00:00:00.000 UTC,raydium,6.184186124126214e+07
2023-08-07 00:00:00.000 UTC,lifinity,2.1376204260330558e+07
2025-01-13 00:00:00.000 UTC,pumpdotfun,2.406990698016807e+09
2024-08-26 00:00:00.000 UTC,whirlpool,2.741984563599905e+09
2023-08-07 00:00:00.000 UTC,phoenix,7.082639824334374e+06
2024-08-12 00:00:00.000 UTC,whirlpool,3.395788393448209e+09
2024-04-22 00:00:00.000 UTC,whirlpool,2.1148078464260168e+09
2024-04-08 00:00:00.000 UTC,goosefx_ssl,789655.8989582419
2025-02-03 00:00:00.000 UTC,meteora,6.4906950420372305e+09
2022-08-08 00:00:00.000 UTC,lifinity,2.174956399858391e+07
2024-07-22 00:00:00.000 UTC,goosefx_ssl,1.406718827352808e+06
2023-03-20 00:00:00.000 UTC,raydium,4.677713708961431e+07
2023-01-09 00:00:00.000 UTC,whirlpool,2.7141948314990455e+08
2023-04-17 00:00:00.000 UTC,lifinity,4.2952003503506996e+07
2022-07-04 00:00:00.000 UTC,whirlpool,1.6322771421434727e+08
2022-10-10 00:00:00.000 UTC,whirlpool,8.197945349243724e+07
2024-05-20 00:00:00.000 UTC,meteora,1.399498886993798e+09
2024-08-05 00:00:00.000 UTC,lifinity,9.856956183074857e+08
2024-07-22 00:00:00.000 UTC,phoenix,6.000353516040686e+08
2023-06-05 00:00:00.000 UTC,phoenix,8.242115004190444e+06
2023-08-28 00:00:00.000 UTC,raydium,2.9957334457524445e+07
2022-12-05 00:00:00.000 UTC,raydium,2.337046106629404e+07
2022-10-17 00:00:00.000 UTC,raydium,4.0535073264059834e+07
2024-05-06 00:00:00.000 UTC,meteora,1.120426348898592e+09
2024-04-22 00:00:00.000 UTC,phoenix,9.480641576514871e+08
2023-06-12 00:00:00.000 UTC,raydium,3.280453688041419e+07
2024-05-13 00:00:00.000 UTC,whirlpool,2.6158814572130227e+09
2024-07-15 00:00:00.000 UTC,goosefx_ssl,2.447109046811294e+06
2023-05-01 00:00:00.000 UTC,lifinity,3.9735592272283114e+07
2025-02-10 00:00:00.000 UTC,lifinity,6.598847867688193e+08
2024-12-16 00:00:00.000 UTC,pumpdotfun,1.8413855995186052e+09
2024-01-29 00:00:00.000 UTC,phoenix,3.5242641899834526e+08
2022-08-08 00:00:00.000 UTC,whirlpool,2.0885097645093828e+08
2023-09-25 00:00:00.000 UTC,whirlpool,1.1631670150935209e+08
2023-09-18 00:00:00.000 UTC,goosefx_ssl,0.124798042772
2024-07-29 00:00:00.000 UTC,whirlpool,3.434585885525491e+09
2023-03-20 00:00:00.000 UTC,phoenix,673487.3203089496
2023-01-23 00:00:00.000 UTC,lifinity,3.438073429797883e+07
2024-10-14 00:00:00.000 UTC,pumpdotfun,1.1171406778083196e+09
2024-11-04 00:00:00.000 UTC,lifinity,1.1223563133014028e+09
2024-07-29 00:00:00.000 UTC,raydium,9.467523993919931e+09
2022-12-26 00:00:00.000 UTC,raydium,2.8211142927646004e+07
2022-11-07 00:00:00.000 UTC,lifinity,1.02542962403508e+08
2022-10-31 00:00:00.000 UTC,meteora,28436.834362197995
2024-04-29 00:00:00.000 UTC,pumpdotfun,2.4248488059663042e+08
2023-01-02 00:00:00.000 UTC,whirlpool,3.656686818310302e+08
2024-03-11 00:00:00.000 UTC,meteora,2.6369980904695516e+09
2023-11-27 00:00:00.000 UTC,goosefx_ssl,2.1518928001725987e+07
2023-12-25 00:00:00.000 UTC,lifinity,8.691377949949361e+08
2024-01-22 00:00:00.000 UTC,raydium,1.8496572248807344e+09
2024-05-06 00:00:00.000 UTC,raydium,5.746441720250898e+09
2024-05-20 00:00:00.000 UTC,lifinity,8.892263610789578e+08
2025-02-03 00:00:00.000 UTC,lifinity,2.8485925947789354e+09
2023-09-25 00:00:00.000 UTC,lifinity,2.5828736443699107e+07
2024-04-29 00:00:00.000 UTC,whirlpool,2.174891605316862e+09
2024-12-09 00:00:00.000 UTC,pumpdotfun,2.0538377779124198e+09
2024-02-19 00:00:00.000 UTC,goosefx_ssl,1.6129110885296257e+07
2024-10-21 00:00:00.000 UTC,meteora,2.0110329374705954e+09
2024-12-23 00:00:00.000 UTC,raydium,2.0540541359925907e+10
2023-12-18 00:00:00.000 UTC,meteora,4.0980145569705963e+08
2023-03-20 00:00:00.000 UTC,whirlpool,1.8559598834411454e+08
2023-09-18 00:00:00.000 UTC,meteora,4.220926140440753e+06
2023-11-06 00:00:00.000 UTC,whirlpool,6.980799926459898e+08
2025-01-27 00:00:00.000 UTC,whirlpool,7.974134103966095e+09
2022-08-01 00:00:00.000 UTC,meteora,30.172437076925
2023-04-03 00:00:00.000 UTC,whirlpool,8.979620756146583e+07
2023-12-04 00:00:00.000 UTC,raydium,8.353085072244945e+08
2023-09-11 00:00:00.000 UTC,lifinity,3.1218393482126705e+07
2024-07-22 00:00:00.000 UTC,whirlpool,3.3877863568257537e+09
2024-10-21 00:00:00.000 UTC,whirlpool,4.773342209620246e+09
2024-02-26 00:00:00.000 UTC,raydium,3.232573245440845e+09
2024-02-26 00:00:00.000 UTC,lifinity,1.4207539647613678e+09
2023-07-24 00:00:00.000 UTC,lifinity,2.827226069928809e+07
2023-07-10 00:00:00.000 UTC,meteora,8.636072829656184e+06
2024-03-04 00:00:00.000 UTC,lifinity,1.7025332532104523e+09
2024-07-01 00:00:00.000 UTC,phoenix,7.578678273754159e+08
2023-06-19 00:00:00.000 UTC,lifinity,3.123909934332602e+07
2024-12-30 00:00:00.000 UTC,raydium,2.775489429781959e+10
2022-09-26 00:00:00.000 UTC,whirlpool,1.2855794989326788e+08
2023-09-04 00:00:00.000 UTC,meteora,3.551061038885348e+06
2023-04-03 00:00:00.000 UTC,meteora,914110.0961913238
2024-10-07 00:00:00.000 UTC,raydium,7.965119682366697e+09
2024-09-23 00:00:00.000 UTC,phoenix,5.382459264075774e+08
2023-11-13 00:00:00.000 UTC,raydium,4.9011251144864553e+08
2023-06-26 00:00:00.000 UTC,meteora,3.7044275504477895e+06
2023-07-17 00:00:00.000 UTC,meteora,5.310291573874059e+06
2024-10-14 00:00:00.000 UTC,meteora,1.5214394857418337e+09
2024-11-04 00:00:00.000 UTC,whirlpool,4.98655849551046e+09
2023-11-20 00:00:00.000 UTC,whirlpool,8.217226747949885e+08
2023-11-20 00:00:00.000 UTC,phoenix,8.532452139270014e+07
2023-05-15 00:00:00.000 UTC,phoenix,2.718794776450309e+06
2024-01-15 00:00:00.000 UTC,phoenix,2.6121160200491717e+08
2023-11-06 00:00:00.000 UTC,goosefx_ssl,3.7084794408442385e+07
2023-11-06 00:00:00.000 UTC,phoenix,7.558637192355938e+07
2022-10-17 00:00:00.000 UTC,lifinity,2.0101811027597584e+07
2024-10-28 00:00:00.000 UTC,lifinity,1.5360349558587258e+09
2024-07-08 00:00:00.000 UTC,pumpdotfun,4.5999192520139104e+08
2025-01-13 00:00:00.000 UTC,raydium,4.4536989032635864e+10
2023-06-05 00:00:00.000 UTC,meteora,4.609251260298617e+06
2024-02-05 00:00:00.000 UTC,raydium,1.4090948767061548e+09
2024-01-15 00:00:00.000 UTC,goosefx_ssl,1.0782789696766462e+07
2024-02-19 00:00:00.000 UTC,meteora,5.488244773922309e+08
2023-09-11 00:00:00.000 UTC,whirlpool,7.670842291641933e+07
2023-12-11 00:00:00.000 UTC,meteora,4.134063737524847e+08
2024-02-26 00:00:00.000 UTC,whirlpool,4.530035177293101e+09
2024-04-08 00:00:00.000 UTC,lifinity,1.3948011582134519e+09
2023-05-22 00:00:00.000 UTC,raydium,6.402494631881394e+07
2022-07-04 00:00:00.000 UTC,raydium,1.2515045830581453e+08
2025-01-06 00:00:00.000 UTC,meteora,4.415316610532261e+09
2022-08-22 00:00:00.000 UTC,lifinity,3.1096373790843736e+07
2024-04-29 00:00:00.000 UTC,goosefx_ssl,915839.6797487156
2023-11-27 00:00:00.000 UTC,raydium,3.847901538721434e+08
2023-05-22 00:00:00.000 UTC,phoenix,2.882695858799204e+06
2022-10-17 00:00:00.000 UTC,whirlpool,7.729947366582899e+07
2024-10-07 00:00:00.000 UTC,pumpdotfun,6.576774710697488e+08
2023-12-18 00:00:00.000 UTC,lifinity,9.880742960295155e+08
2022-07-18 00:00:00.000 UTC,whirlpool,2.635580088801602e+08
2024-03-11 00:00:00.000 UTC,lifinity,3.0316859601087623e+09
2024-02-05 00:00:00.000 UTC,phoenix,2.7451389756530416e+08
2023-09-04 00:00:00.000 UTC,whirlpool,6.220040498581984e+07
2024-09-30 00:00:00.000 UTC,phoenix,6.076240393029007e+08
2023-11-20 00:00:00.000 UTC,raydium,4.7696177664081264e+08
2023-11-27 00:00:00.000 UTC,whirlpool,6.636968672168727e+08
2023-03-27 00:00:00.000 UTC,raydium,3.204979605699364e+07
2023-07-10 00:00:00.000 UTC,lifinity,1.0412703054206607e+08
2024-10-14 00:00:00.000 UTC,raydium,1.2608843740336826e+10
2024-07-15 00:00:00.000 UTC,phoenix,5.74697069469342e+08
2023-10-30 00:00:00.000 UTC,phoenix,5.186610359756947e+07
2022-07-11 00:00:00.000 UTC,raydium,1.605086270256878e+08
2023-01-09 00:00:00.000 UTC,meteora,1.8476411663369194e+06
2024-02-19 00:00:00.000 UTC,whirlpool,2.08453533685506e+09
2023-04-10 00:00:00.000 UTC,lifinity,4.0458033125605255e+07
2024-07-15 00:00:00.000 UTC,pumpdotfun,6.116389919751742e+08
2023-10-30 00:00:00.000 UTC,goosefx_ssl,1.0267568196560122e+07
2024-10-14 00:00:00.000 UTC,whirlpool,3.1657080828246446e+09
2025-01-20 00:00:00.000 UTC,meteora,1.930836873778095e+10
2025-01-13 00:00:00.000 UTC,whirlpool,3.657005793105347e+10
2024-01-22 00:00:00.000 UTC,goosefx_ssl,3.686350194740753e+07
2023-06-12 00:00:00.000 UTC,whirlpool,7.390928217012967e+07
2024-02-12 00:00:00.000 UTC,raydium,1.5599473781576152e+09
2024-09-02 00:00:00.000 UTC,lifinity,5.224514253501278e+08
2023-12-04 00:00:00.000 UTC,meteora,2.421951144714178e+08
2024-02-19 00:00:00.000 UTC,raydium,1.3124769294420645e+09
2023-08-21 00:00:00.000 UTC,phoenix,8.240228742721279e+06
2024-03-04 00:00:00.000 UTC,meteora,1.8838077202991755e+09
2024-01-22 00:00:00.000 UTC,phoenix,2.9263198544759095e+08
2023-06-05 00:00:00.000 UTC,whirlpool,1.6082323557992804e+08
2023-04-10 00:00:00.000 UTC,meteora,2.8465605229662205e+06
2023-10-09 00:00:00.000 UTC,lifinity,1.77077172423225e+07
2022-10-24 00:00:00.000 UTC,lifinity,2.797294754243443e+07
2024-09-30 00:00:00.000 UTC,pumpdotfun,6.84301159489425e+08
2024-02-26 00:00:00.000 UTC,meteora,1.5276442339084053e+09
2025-01-13 00:00:00.000 UTC,meteora,2.1237869602427307e+10
2023-02-27 00:00:00.000 UTC,meteora,1.0738853320384263e+06
2022-10-31 00:00:00.000 UTC,raydium,8.176010193158291e+07
2023-07-17 00:00:00.000 UTC,lifinity,4.3359421643146195e+07
2024-09-09 00:00:00.000 UTC,phoenix,3.505085850046457e+08
2024-06-10 00:00:00.000 UTC,lifinity,6.528466276924356e+08
2025-01-20 00:00:00.000 UTC,raydium,6.8478309551875374e+10
2024-02-12 00:00:00.000 UTC,whirlpool,2.290930707406577e+09
2023-10-16 00:00:00.000 UTC,lifinity,4.797992210657493e+07
2024-10-14 00:00:00.000 UTC,phoenix,5.438264235220875e+08
2022-09-26 00:00:00.000 UTC,raydium,1.8513116651234508e+08
2024-06-17 00:00:00.000 UTC,whirlpool,2.0876248927490776e+09
2023-11-06 00:00:00.000 UTC,lifinity,2.110396005962769e+08
2023-10-09 00:00:00.000 UTC,raydium,4.028448871410738e+07
2023-11-20 00:00:00.000 UTC,lifinity,1.487485359042674e+08
2023-05-29 00:00:00.000 UTC,phoenix,4.323002596303251e+06
2024-01-08 00:00:00.000 UTC,raydium,1.6086550971389897e+09
2023-06-19 00:00:00.000 UTC,phoenix,7.121869352783024e+06
2023-10-02 00:00:00.000 UTC,meteora,6.676590947574772e+06
2024-09-16 00:00:00.000 UTC,raydium,3.203197999653341e+09
2024-11-25 00:00:00.000 UTC,pumpdotfun,2.4473684989260454e+09
2022-11-21 00:00:00.000 UTC,raydium,7.381381913269086e+07
2023-09-18 00:00:00.000 UTC,raydium,3.1250765481050152e+07
2024-06-03 00:00:00.000 UTC,goosefx_ssl,583266.3440425202
2023-11-13 00:00:00.000 UTC,meteora,1.0292543218844962e+08
2024-10-07 00:00:00.000 UTC,whirlpool,2.43008463499953e+09
2024-06-03 00:00:00.000 UTC,whirlpool,2.744862231099405e+09
2024-05-13 00:00:00.000 UTC,raydium,7.213990684274958e+09
2023-04-03 00:00:00.000 UTC,lifinity,2.1606020961612087e+07
2024-05-27 00:00:00.000 UTC,meteora,1.1460404557556095e+09
2024-11-18 00:00:00.000 UTC,phoenix,1.2248194207252853e+09
2023-11-27 00:00:00.000 UTC,meteora,5.877148959510829e+07
2023-06-26 00:00:00.000 UTC,raydium,6.142885236315233e+07
2023-10-30 00:00:00.000 UTC,raydium,2.328759298307375e+08
2022-07-18 00:00:00.000 UTC,raydium,1.7953323168563777e+08
2024-09-30 00:00:00.000 UTC,meteora,1.1227969598911176e+09
2024-11-04 00:00:00.000 UTC,pumpdotfun,1.473050064205286e+09
2024-03-04 00:00:00.000 UTC,whirlpool,5.4819925276295595e+09
2024-07-15 00:00:00.000 UTC,lifinity,9.201939864171467e+08
2025-02-10 00:00:00.000 UTC,whirlpool,1.3249762539181051e+09
2022-11-21 00:00:00.000 UTC,whirlpool,9.962778005089061e+07
2022-11-14 00:00:00.000 UTC,meteora,17329.95359815517
2023-10-09 00:00:00.000 UTC,whirlpool,8.658277449246666e+07
2023-10-23 00:00:00.000 UTC,phoenix,3.439613613519688e+07
2022-10-10 00:00:00.000 UTC,raydium,5.299935197432521e+07
2023-12-04 00:00:00.000 UTC,whirlpool,1.8604007434519763e+09
2023-12-11 00:00:00.000 UTC,lifinity,6.497647408948555e+08
2024-01-22 00:00:00.000 UTC,meteora,3.7338944484519e+08
2022-08-29 00:00:00.000 UTC,lifinity,2.9893861499436934e+07
2022-12-12 00:00:00.000 UTC,lifinity,1.8055793717326846e+07
2023-02-13 00:00:00.000 UTC,phoenix,0
2023-04-24 00:00:00.000 UTC,lifinity,4.19754321398763e+07
2023-10-23 00:00:00.000 UTC,meteora,3.1375075310928565e+07
2022-09-12 00:00:00.000 UTC,whirlpool,1.423808515786727e+08
2022-12-05 00:00:00.000 UTC,meteora,2001.00732180682
2024-03-04 00:00:00.000 UTC,goosefx_ssl,9.680400839826351e+06
2025-01-27 00:00:00.000 UTC,meteora,7.164206868015544e+09
2024-11-04 00:00:00.000 UTC,meteora,1.7332892489034636e+09
2023-03-13 00:00:00.000 UTC,phoenix,672604.7193701188
2023-06-19 00:00:00.000 UTC,meteora,2.143775233184728e+06
2022-08-15 00:00:00.000 UTC,meteora,1.000458861264
2024-09-09 00:00:00.000 UTC,meteora,7.486141129894701e+08
2024-08-26 00:00:00.000 UTC,raydium,3.368157816281998e+09
2023-03-27 00:00:00.000 UTC,whirlpool,1.1659870223528722e+08
2022-12-26 00:00:00.000 UTC,whirlpool,7.33107877358429e+07
2024-08-05 00:00:00.000 UTC,phoenix,1.4067080538962164e+09
2025-01-27 00:00:00.000 UTC,lifinity,3.5377695765056887e+09
2024-12-30 00:00:00.000 UTC,whirlpool,3.559259705788444e+11
2024-12-09 00:00:00.000 UTC,phoenix,1.1849664939503708e+09
2024-04-01 00:00:00.000 UTC,phoenix,9.708052305497802e+08
2024-08-12 00:00:00.000 UTC,lifinity,4.776632546539977e+08
2025-01-20 00:00:00.000 UTC,whirlpool,1.6238223776380331e+10
2023-06-05 00:00:00.000 UTC,raydium,6.292184911732364e+07
2023-11-20 00:00:00.000 UTC,goosefx_ssl,9.944641905636594e+07
2023-09-11 00:00:00.000 UTC,meteora,4.108511269869788e+06
2024-12-16 00:00:00.000 UTC,phoenix,1.3034821842362206e+09
2024-04-15 00:00:00.000 UTC,phoenix,1.1416390443244178e+09
2023-09-18 00:00:00.000 UTC,whirlpool,8.355613532840556e+07
2024-08-12 00:00:00.000 UTC,raydium,4.383747879269831e+09
2023-11-06 00:00:00.000 UTC,raydium,3.5398268465995836e+08
2022-08-22 00:00:00.000 UTC,whirlpool,1.1819136367943947e+08
2024-12-16 00:00:00.000 UTC,raydium,3.2544901325505867e+10
2023-11-13 00:00:00.000 UTC,whirlpool,1.0227505654151903e+09
2023-07-31 00:00:00.000 UTC,whirlpool,9.156441843552163e+07
2023-08-21 00:00:00.000 UTC,goosefx_ssl,1.071070622607
2024-10-28 00:00:00.000 UTC,meteora,1.4049012208012438e+09
2024-05-06 00:00:00.000 UTC,phoenix,6.86932389502502e+08
2024-07-22 00:00:00.000 UTC,raydium,1.2109662763200117e+10
2024-12-30 00:00:00.000 UTC,meteora,3.420006277284185e+09
2024-01-01 00:00:00.000 UTC,phoenix,2.3977016120809442e+08
2023-09-25 00:00:00.000 UTC,meteora,3.9963923982826257e+06
2023-10-02 00:00:00.000 UTC,lifinity,3.898737932946835e+07
2022-07-25 00:00:00.000 UTC,raydium,1.495918714700361e+08
2024-11-11 00:00:00.000 UTC,lifinity,3.150256079246832e+09
2023-12-04 00:00:00.000 UTC,goosefx_ssl,4.8960827603371926e+07
2023-06-26 00:00:00.000 UTC,lifinity,6.227763151634182e+07
2024-02-12 00:00:00.000 UTC,goosefx_ssl,3.0386449003417473e+07
2024-08-05 00:00:00.000 UTC,meteora,1.512218028457902e+09
2022-08-01 00:00:00.000 UTC,whirlpool,1.668789136473587e+08
2022-08-15 00:00:00.000 UTC,lifinity,4.184779253162178e+07
2022-08-01 00:00:00.000 UTC,raydium,1.1182060935475105e+08
2023-05-01 00:00:00.000 UTC,whirlpool,1.2545322775288707e+08
2023-08-28 00:00:00.000 UTC,phoenix,1.1540968401446592e+07
2022-10-24 00:00:00.000 UTC,meteora,11345.601505747478
2024-05-13 00:00:00.000 UTC,lifinity,9.444580938362689e+08
2023-06-12 00:00:00.000 UTC,meteora,2.8017615698628095e+06
2023-02-13 00:00:00.000 UTC,whirlpool,1.7570144435385808e+08
2024-03-18 00:00:00.000 UTC,lifinity,2.6503262749169927e+09
2023-03-06 00:00:00.000 UTC,lifinity,4.4845760031902544e+07
2022-09-26 00:00:00.000 UTC,lifinity,2.8484463688840397e+07
2024-06-17 00:00:00.000 UTC,phoenix,7.848668291502457e+08
2024-03-04 00:00:00.000 UTC,phoenix,1.2348491967967856e+09
2024-03-11 00:00:00.000 UTC,raydium,1.038065577185882e+10
2023-03-06 00:00:00.000 UTC,phoenix,102365.8366936908
2023-07-17 00:00:00.000 UTC,raydium,5.893975856532368e+07
2023-07-10 00:00:00.000 UTC,phoenix,1.7179057209515497e+07
2024-06-10 00:00:00.000 UTC,raydium,7.765780019208265e+09
2023-07-31 00:00:00.000 UTC,meteora,5.500438708082187e+06
2022-08-22 00:00:00.000 UTC,meteora,22.255958561459003
2024-07-15 00:00:00.000 UTC,raydium,8.518246585759153e+09
2024-07-08 00:00:00.000 UTC,meteora,1.0844147494426544e+09
2023-05-01 00:00:00.000 UTC,phoenix,1.7525603623142513e+06
2022-08-15 00:00:00.000 UTC,whirlpool,1.6403911848019308e+08
2024-10-28 00:00:00.000 UTC,pumpdotfun,1.2665328991057525e+09
2024-07-29 00:00:00.000 UTC,meteora,1.2808659259676733e+09
2023-05-15 00:00:00.000 UTC,lifinity,2.469335740492353e+07
2023-03-13 00:00:00.000 UTC,raydium,5.662943118749021e+07
2025-02-10 00:00:00.000 UTC,phoenix,1.1794320908619626e+08
2025-01-27 00:00:00.000 UTC,pumpdotfun,2.7391467216322165e+09
2024-04-01 00:00:00.000 UTC,raydium,7.590269172938769e+09
2023-05-29 00:00:00.000 UTC,raydium,4.6272416515937984e+07
2023-06-19 00:00:00.000 UTC,whirlpool,7.766683142048453e+07
2022-11-21 00:00:00.000 UTC,lifinity,4.042510966622369e+07
2023-10-02 00:00:00.000 UTC,goosefx_ssl,38.29817494271
2024-05-27 00:00:00.000 UTC,whirlpool,2.6331183619575524e+09
2025-01-20 00:00:00.000 UTC,lifinity,9.459256394778086e+09
2023-02-06 00:00:00.000 UTC,meteora,1.54564240957968e+06
2023-08-07 00:00:00.000 UTC,whirlpool,1.0418922851358946e+08
2024-09-09 00:00:00.000 UTC,goosefx_ssl,134.66185072416965
2024-11-18 00:00:00.000 UTC,whirlpool,1.9576042077017334e+10
2024-03-25 00:00:00.000 UTC,meteora,1.8500826733687766e+09
2024-02-05 00:00:00.000 UTC,goosefx_ssl,5.7063481590481676e+07
2022-10-24 00:00:00.000 UTC,whirlpool,1.4943416039584175e+08
2024-01-01 00:00:00.000 UTC,goosefx_ssl,4.644710801714511e+06
2023-01-23 00:00:00.000 UTC,raydium,7.244298046548676e+07
2024-02-12 00:00:00.000 UTC,lifinity,5.869498452439218e+08
2024-02-12 00:00:00.000 UTC,phoenix,3.2346012146242523e+08
2022-09-19 00:00:00.000 UTC,raydium,6.849437682006456e+07
2024-04-29 00:00:00.000 UTC,phoenix,1.0266099175988691e+09
2024-04-15 00:00:00.000 UTC,raydium,4.0050255117739415e+09
2023-12-04 00:00:00.000 UTC,lifinity,3.60998249557082e+08
2023-03-27 00:00:00.000 UTC,meteora,877516.6037817118
2023-10-23 00:00:00.000 UTC,whirlpool,2.6207722381875405e+08
2024-06-24 00:00:00.000 UTC,pumpdotfun,4.1308871307228565e+08
2024-01-08 00:00:00.000 UTC,phoenix,3.585185227283808e+08
2022-11-07 00:00:00.000 UTC,meteora,170751.9324211428
2024-11-25 00:00:00.000 UTC,lifinity,3.5031881860584946e+09
2024-05-20 00:00:00.000 UTC,raydium,6.869070887391794e+09
2024-08-19 00:00:00.000 UTC,meteora,1.0315160782761302e+09
2023-06-19 00:00:00.000 UTC,raydium,3.747422992931513e+07
2023-12-11 00:00:00.000 UTC,goosefx_ssl,1.3318357131815221e+07
2023-09-04 00:00:00.000 UTC,phoenix,9.992405987604283e+06
2023-09-25 00:00:00.000 UTC,raydium,3.30567611921464e+07
2023-10-09 00:00:00.000 UTC,meteora,4.0080873768284936e+06
2024-08-05 00:00:00.000 UTC,raydium,5.883679260825202e+09
2023-12-11 00:00:00.000 UTC,whirlpool,2.761628367605403e+09
2024-01-22 00:00:00.000 UTC,whirlpool,1.600710366051308e+09
2023-01-09 00:00:00.000 UTC,lifinity,5.282880186703266e+07
2022-12-19 00:00:00.000 UTC,whirlpool,4.0145873308628686e+07
2024-09-16 00:00:00.000 UTC,lifinity,4.433704507492487e+08
2024-06-17 00:00:00.000 UTC,lifinity,7.272501231172725e+08
2023-02-20 00:00:00.000 UTC,meteora,1.6399372955908836e+06
2023-10-16 00:00:00.000 UTC,meteora,1.3974206875270618e+07
2022-12-05 00:00:00.000 UTC,whirlpool,5.170075700301955e+07
2024-03-25 00:00:00.000 UTC,phoenix,9.898786515008231e+08
2024-12-02 00:00:00.000 UTC,phoenix,1.4228985719391282e+09
2022-08-08 00:00:00.000 UTC,raydium,1.1552314057121322e+08
2024-09-23 00:00:00.000 UTC,pumpdotfun,5.889599261579427e+08
2024-06-03 00:00:00.000 UTC,meteora,1.471231723847684e+09
2025-01-06 00:00:00.000 UTC,lifinity,4.9089628210096445e+09
2023-11-27 00:00:00.000 UTC,lifinity,1.4060656775110167e+08
2022-12-26 00:00:00.000 UTC,meteora,479601.4651146631
2022-09-05 00:00:00.000 UTC,lifinity,3.4213692797858275e+07
2022-08-01 00:00:00.000 UTC,lifinity,2.1187548926060457e+07
2023-10-23 00:00:00.000 UTC,raydium,1.1228288509577152e+08
2024-03-11 00:00:00.000 UTC,whirlpool,7.369356886715448e+09
2024-07-15 00:00:00.000 UTC,whirlpool,3.159503633022705e+09
2023-11-13 00:00:00.000 UTC,goosefx_ssl,1.13861386987663e+08
2022-11-28 00:00:00.000 UTC,raydium,3.49650775849697e+07
2024-09-02 00:00:00.000 UTC,meteora,7.022825443206651e+08
2024-06-03 00:00:00.000 UTC,lifinity,5.877600046699332e+08
2024-05-13 00:00:00.000 UTC,phoenix,9.20412755005307e+08
2024-04-08 00:00:00.000 UTC,phoenix,1.1684248799639478e+09
2022-12-12 00:00:00.000 UTC,raydium,3.943839576381831e+07
2024-02-26 00:00:00.000 UTC,goosefx_ssl,1.1101739828548373e+08
2024-07-22 00:00:00.000 UTC,lifinity,9.286447102759058e+08
2023-11-06 00:00:00.000 UTC,meteora,9.579306610051076e+07
2023-02-13 00:00:00.000 UTC,raydium,4.715509767382559e+07
2023-11-20 00:00:00.000 UTC,meteora,6.456361893486167e+07
2024-04-29 00:00:00.000 UTC,lifinity,1.1899050052281437e+09
2024-04-22 00:00:00.000 UTC,meteora,1.3060986498669112e+09
2023-05-08 00:00:00.000 UTC,lifinity,4.271460463629354e+07
2023-04-24 00:00:00.000 UTC,meteora,1.4982150003497198e+06
2022-11-28 00:00:00.000 UTC,whirlpool,4.6667124947754525e+07
2024-05-27 00:00:00.000 UTC,raydium,7.988240953592133e+09
2024-06-10 00:00:00.000 UTC,goosefx_ssl,303495.57061100664
2024-05-20 00:00:00.000 UTC,phoenix,9.402855268047532e+08
2024-12-16 00:00:00.000 UTC,meteora,4.830651997073112e+09
2024-03-18 00:00:00.000 UTC,whirlpool,6.637206956222444e+09
2024-04-08 00:00:00.000 UTC,raydium,5.110107291518783e+09
2023-12-18 00:00:00.000 UTC,goosefx_ssl,9.141959665361805e+06
2023-06-26 00:00:00.000 UTC,whirlpool,1.3191100045873897e+08
2023-08-14 00:00:00.000 UTC,whirlpool,1.185999762080337e+08
2022-12-05 00:00:00.000 UTC,lifinity,1.0678481333090814e+07
2024-06-24 00:00:00.000 UTC,goosefx_ssl,206325.26668249888
2024-08-19 00:00:00.000 UTC,whirlpool,2.5363821691835384e+09
2025-01-13 00:00:00.000 UTC,lifinity,1.0245474346506435e+10
2023-05-22 00:00:00.000 UTC,lifinity,2.528383988628499e+07
2024-01-01 00:00:00.000 UTC,lifinity,5.795562960050914e+08
2022-12-12 00:00:00.000 UTC,whirlpool,7.07626915023272e+07
2024-10-21 00:00:00.000 UTC,pumpdotfun,1.3408689604148335e+09
2024-08-19 00:00:00.000 UTC,phoenix,4.0780473669132704e+08
2023-08-21 00:00:00.000 UTC,lifinity,2.061629865290829e+07
2024-04-22 00:00:00.000 UTC,raydium,5.432374299529627e+09
2023-12-18 00:00:00.000 UTC,whirlpool,3.2767435477468557e+09
2023-04-10 00:00:00.000 UTC,phoenix,700019.4570119743
2023-10-16 00:00:00.000 UTC,goosefx_ssl,861634.0752498439
2022-08-29 00:00:00.000 UTC,meteora,3238.978484882598
2024-11-11 00:00:00.000 UTC,whirlpool,8.3054040842169695e+09
2024-03-25 00:00:00.000 UTC,raydium,8.558081634403912e+09
2024-03-18 00:00:00.000 UTC,goosefx_ssl,6.031306164705772e+06
2022-08-15 00:00:00.000 UTC,raydium,1.1029081778251211e+08
2023-03-06 00:00:00.000 UTC,raydium,7.096192580540994e+07
2023-12-25 00:00:00.000 UTC,raydium,2.4383944601144943e+09
2024-01-08 00:00:00.000 UTC,goosefx_ssl,6.300013445966928e+06
2024-09-02 00:00:00.000 UTC,phoenix,4.127396638066363e+08
2024-07-15 00:00:00.000 UTC,meteora,1.4004171656482785e+09
2022-09-05 00:00:00.000 UTC,whirlpool,1.3206471232980703e+08
2024-03-25 00:00:00.000 UTC,lifinity,1.2778494801933746e+09
2024-08-05 00:00:00.000 UTC,pumpdotfun,6.059453283927938e+08
2024-12-02 00:00:00.000 UTC,raydium,2.3422185012886497e+10
2024-01-15 00:00:00.000 UTC,whirlpool,1.6432184708709548e+09
2022-09-12 00:00:00.000 UTC,lifinity,4.5338157967192546e+07
2022-07-25 00:00:00.000 UTC,meteora,0.74233219809
2024-01-08 00:00:00.000 UTC,meteora,3.726495851740604e+08
2022-11-14 00:00:00.000 UTC,lifinity,3.749244434333943e+07
2024-05-13 00:00:00.000 UTC,meteora,1.5180275363655825e+09
2024-12-23 00:00:00.000 UTC,meteora,2.6834477659513617e+09
2022-12-19 00:00:00.000 UTC,raydium,1.871022037837512e+07
2024-05-06 00:00:00.000 UTC,pumpdotfun,3.8297743615979946e+08
2024-12-09 00:00:00.000 UTC,raydium,2.7274825479222813e+10
2024-02-05 00:00:00.000 UTC,whirlpool,2.051814967188471e+09
2023-08-14 00:00:00.000 UTC,phoenix,8.376756002346788e+06
2024-06-17 00:00:00.000 UTC,meteora,1.0720519493571285e+09
2024-06-10 00:00:00.000 UTC,pumpdotfun,4.8239261328334564e+08
2024-02-12 00:00:00.000 UTC,meteora,6.448057319414814e+08
2023-08-21 00:00:00.000 UTC,raydium,3.630310549536787e+07
2024-10-28 00:00:00.000 UTC,raydium,1.4196140143574064e+10
2024-09-30 00:00:00.000 UTC,whirlpool,3.006049696086855e+09
2024-01-15 00:00:00.000 UTC,raydium,2.0983450270776784e+09
2023-07-31 00:00:00.000 UTC,phoenix,8.305570806632149e+06
2023-10-02 00:00:00.000 UTC,whirlpool,1.7589865630377468e+08
2024-08-12 00:00:00.000 UTC,meteora,9.428822083989079e+08
2023-03-13 00:00:00.000 UTC,whirlpool,2.2963358680382484e+08
2023-06-12 00:00:00.000 UTC,phoenix,5.951752791169899e+06
2023-04-10 00:00:00.000 UTC,whirlpool,1.6719547808777705e+08
2024-05-27 00:00:00.000 UTC,lifinity,7.482923975044022e+08
2025-01-20 00:00:00.000 UTC,phoenix,1.5932222278386507e+09
2024-12-23 00:00:00.000 UTC,whirlpool,8.102344110077625e+11
2023-09-11 00:00:00.000 UTC,raydium,3.604347774691877e+07
2023-09-18 00:00:00.000 UTC,phoenix,9.711148784453588e+06
2024-09-23 00:00:00.000 UTC,raydium,5.991442637093199e+09
2024-08-26 00:00:00.000 UTC,meteora,8.789028559261016e+08
2024-04-29 00:00:00.000 UTC,raydium,5.183903745167278e+09
2024-12-30 00:00:00.000 UTC,lifinity,3.8210942651998653e+09
2024-12-23 00:00:00.000 UTC,phoenix,4.306595220479573e+08
2024-04-01 00:00:00.000 UTC,goosefx_ssl,1.7411797732931804e+06
2023-01-16 00:00:00.000 UTC,lifinity,4.608764590208726e+07
2024-07-29 00:00:00.000 UTC,phoenix,9.336341365826267e+08
2024-01-29 00:00:00.000 UTC,raydium,2.1814608477719812e+09
2023-07-31 00:00:00.000 UTC,lifinity,3.270707804544107e+07
2022-10-03 00:00:00.000 UTC,raydium,3.890820295594904e+07
2022-10-03 00:00:00.000 UTC,whirlpool,6.6343350776918165e+07
2023-07-03 00:00:00.000 UTC,meteora,3.2252501388971577e+06
2024-10-21 00:00:00.000 UTC,phoenix,6.357394592308277e+08
2024-09-09 00:00:00.000 UTC,lifinity,4.0960495490241385e+08
2024-07-01 00:00:00.000 UTC,goosefx_ssl,2.0041292142687256e+06
2023-11-13 00:00:00.000 UTC,lifinity,2.328603666447008e+08
2023-03-27 00:00:00.000 UTC,lifinity,2.74768899798748e+07
2023-01-02 00:00:00.000 UTC,meteora,1.147000050545411e+06
2022-10-24 00:00:00.000 UTC,raydium,5.721024623820844e+07
2024-10-07 00:00:00.000 UTC,meteora,1.0910105981314719e+09
2023-10-02 00:00:00.000 UTC,raydium,6.577600428667655e+07
2024-09-16 00:00:00.000 UTC,phoenix,4.16852613568744e+08
2023-12-11 00:00:00.000 UTC,raydium,1.2652739850194514e+09
2025-02-03 00:00:00.000 UTC,whirlpool,7.797413494303114e+09
2025-01-27 00:00:00.000 UTC,raydium,3.818043959206405e+10
2022-09-19 00:00:00.000 UTC,whirlpool,1.332881428724019e+08
2024-12-02 00:00:00.000 UTC,pumpdotfun,1.8764166760079246e+09
2024-07-29 00:00:00.000 UTC,pumpdotfun,6.413278233308158e+08
2024-04-15 00:00:00.000 UTC,goosefx_ssl,5.779119983796182e+06
2023-05-01 00:00:00.000 UTC,meteora,3.2437043506725538e+06
2025-02-10 00:00:00.000 UTC,meteora,1.4634797185160868e+09
2023-02-27 00:00:00.000 UTC,phoenix,45755.89368789894
2024-01-29 00:00:00.000 UTC,goosefx_ssl,9.222518226590954e+06
2023-04-03 00:00:00.000 UTC,phoenix,168335.59917879096
2023-07-10 00:00:00.000 UTC,whirlpool,2.1586758759858653e+08
2023-07-24 00:00:00.000 UTC,meteora,4.306878004505073e+06
2024-09-16 00:00:00.000 UTC,pumpdotfun,2.6719102125102055e+08
2024-03-18 00:00:00.000 UTC,meteora,2.115912422375148e+09
2022-10-31 00:00:00.000 UTC,whirlpool,2.1118199165276703e+08
2024-05-20 00:00:00.000 UTC,whirlpool,2.931343752414676e+09
2025-01-13 00:00:00.000 UTC,phoenix,1.1152449281370687e+09
2022-09-26 00:00:00.000 UTC,meteora,4219.8127325039895
2024-06-24 00:00:00.000 UTC,phoenix,7.457542750858192e+08
2024-07-29 00:00:00.000 UTC,lifinity,1.0875462306340313e+09
2024-04-22 00:00:00.000 UTC,goosefx_ssl,1.0594027382039458e+07
2023-11-13 00:00:00.000 UTC,phoenix,9.131740119773011e+07
2023-01-16 00:00:00.000 UTC,raydium,8.475328579811133e+07
2023-08-28 00:00:00.000 UTC,meteora,3.651976743810955e+06
2024-11-04 00:00:00.000 UTC,raydium,1.614045842497484e+10
2024-10-14 00:00:00.000 UTC,lifinity,1.2942613735529487e+09
2024-02-26 00:00:00.000 UTC,phoenix,8.502043754353802e+08
2024-02-19 00:00:00.000 UTC,phoenix,2.8538006038322043e+08
2022-07-11 00:00:00.000 UTC,lifinity,3.1052151248603433e+07
2023-05-29 00:00:00.000 UTC,meteora,1.858973078951271e+06
2023-09-11 00:00:00.000 UTC,goosefx_ssl,2307.828215939798
2023-07-10 00:00:00.000 UTC,raydium,8.55058339931709e+07
2024-11-25 00:00:00.000 UTC,meteora,2.2954529925251336e+09
2023-05-15 00:00:00.000 UTC,raydium,4.79147907505488e+07
2023-01-30 00:00:00.000 UTC,meteora,1.103819171730002e+06
2023-01-02 00:00:00.000 UTC,lifinity,3.5937318668066785e+07
2022-09-12 00:00:00.000 UTC,raydium,8.33512490710088e+07
2023-09-04 00:00:00.000 UTC,goosefx_ssl,225.067248316904
2024-11-18 00:00:00.000 UTC,meteora,3.2766792775437307e+09
2024-07-01 00:00:00.000 UTC,pumpdotfun,4.161434693674387e+08
2025-01-20 00:00:00.000 UTC,pumpdotfun,3.3321352036768203e+09
2023-10-30 00:00:00.000 UTC,whirlpool,3.798819086165332e+08
2023-03-06 00:00:00.000 UTC,whirlpool,1.8993849399364612e+08
2022-06-27 00:00:00.000 UTC,whirlpool,4.925979440724166e+07
2024-04-15 00:00:00.000 UTC,lifinity,1.4913084015489657e+09
2023-02-06 00:00:00.000 UTC,lifinity,2.910604276688988e+07
2023-09-25 00:00:00.000 UTC,goosefx_ssl,379.2926202712551
2024-07-08 00:00:00.000 UTC,raydium,8.214600079236073e+09
2023-06-12 00:00:00.000 UTC,lifinity,4.771161672808595e+07
2023-01-16 00:00:00.000 UTC,whirlpool,2.336496428385139e+08
2023-08-14 00:00:00.000 UTC,raydium,4.05010267191296e+07
2024-09-30 00:00:00.000 UTC,raydium,6.724496988011596e+09
2024-06-24 00:00:00.000 UTC,lifinity,7.481254846475002e+08
2024-07-29 00:00:00.000 UTC,goosefx_ssl,2.2927102733362205e+06
2024-07-08 00:00:00.000 UTC,whirlpool,2.6932166871942368e+09
2023-04-17 00:00:00.000 UTC,whirlpool,1.5463205657801282e+08
2022-06-27 00:00:00.000 UTC,raydium,4.940094535879904e+07
2024-03-04 00:00:00.000 UTC,raydium,7.565228128087792e+09
2023-03-20 00:00:00.000 UTC,meteora,3.2394367024093973e+06
2024-02-19 00:00:00.000 UTC,lifinity,4.5745239817021894e+08
2024-05-13 00:00:00.000 UTC,goosefx_ssl,463960.0677211745
2024-06-10 00:00:00.000 UTC,phoenix,5.916957759148717e+08
