time,project,tvl
2024-12-15 00:00:00,raydium,1.371449218564821e+09
2024-11-07 00:00:00,whirlpool,2.348281120125948e+08
2024-12-17 00:00:00,whirlpool,2.699449476717959e+08
2024-12-16 00:00:00,lifinity,2.389009719041911e+07
2024-11-03 00:00:00,pumpdotfun,104165.54414867985
2024-12-22 00:00:00,phoenix,1.9939615011290353e+07
2024-11-18 00:00:00,meteora,8.110024434746577e+08
2024-12-04 00:00:00,meteora,9.393673038018558e+08
2025-01-18 00:00:00,pumpdotfun,1.6748740325479086e+06
2025-01-12 00:00:00,pumpdotfun,1.3184486475578744e+06
2024-11-09 00:00:00,whirlpool,2.4255984685076398e+08
2024-12-09 00:00:00,pumpdotfun,921425.8302928087
2024-11-22 00:00:00,meteora,1.4896431990080316e+09
2024-11-11 00:00:00,raydium,1.0698438371222754e+09
2024-11-24 00:00:00,phoenix,1.901814303268309e+07
2024-11-08 00:00:00,phoenix,2.1364398112588145e+07
2025-01-12 00:00:00,goosefx_ssl,2349.230991891146
2024-12-17 00:00:00,meteora,9.792066994949893e+08
2024-10-29 00:00:00,phoenix,1.820123608334747e+07
2024-11-16 00:00:00,pumpdotfun,340846.8455091651
2024-11-03 00:00:00,meteora,6.818888240551419e+08
2024-11-23 00:00:00,lifinity,7.55525920662377e+07
2024-10-31 00:00:00,whirlpool,2.4021523903571138e+08
2024-10-31 00:00:00,pumpdotfun,84272.0737600106
2024-10-28 00:00:00,phoenix,1.838112276536566e+07
2024-12-31 00:00:00,phoenix,1.8089419903583687e+07
2024-10-31 00:00:00,phoenix,1.886757491676186e+07
2024-12-13 00:00:00,raydium,1.3896893216814923e+09
2024-11-26 00:00:00,pumpdotfun,642537.534816363
2024-11-23 00:00:00,phoenix,1.7765153038390614e+07
2024-11-14 00:00:00,goosefx_ssl,9123.966136114783
2024-12-02 00:00:00,whirlpool,2.332218386563502e+08
2024-11-24 00:00:00,pumpdotfun,641700.0308961333
2024-12-01 00:00:00,phoenix,1.8120139938852865e+07
2025-01-06 00:00:00,lifinity,2.6725270397075366e+07
2024-12-07 00:00:00,raydium,1.4412813973846622e+09
2024-11-10 00:00:00,phoenix,1.9537796227711942e+07
2025-01-12 00:00:00,whirlpool,2.3101374214575544e+08
2024-12-26 00:00:00,lifinity,2.5237028273300227e+07
2024-11-07 00:00:00,lifinity,4.908680358809066e+07
2024-11-27 00:00:00,raydium,1.3416137144914625e+09
2024-11-26 00:00:00,raydium,1.347252544920668e+09
2025-01-18 00:00:00,whirlpool,2.482423299128681e+08
2024-11-29 00:00:00,phoenix,1.9456135164733294e+07
2024-11-26 00:00:00,meteora,1.0739261185560734e+09
2024-12-21 00:00:00,pumpdotfun,950571.2437745463
2025-01-20 00:00:00,phoenix,1.9154555817146786e+07
2024-11-24 00:00:00,raydium,1.4261181144022222e+09
2024-12-12 00:00:00,lifinity,2.1778824938133466e+08
2024-11-04 00:00:00,meteora,7.86527264980693e+08
2024-12-19 00:00:00,pumpdotfun,977072.576550615
2025-01-04 00:00:00,phoenix,1.9086449061263766e+07
2024-12-23 00:00:00,phoenix,1.893083145640554e+07
2024-12-29 00:00:00,phoenix,1.929449922369402e+07
2024-11-16 00:00:00,whirlpool,2.089135839192902e+08
2024-12-15 00:00:00,lifinity,2.342697309356476e+07
2024-10-27 00:00:00,phoenix,1.756770512175007e+07
2024-11-01 00:00:00,meteora,6.077990563174607e+08
2024-10-31 00:00:00,goosefx_ssl,11802.299663685186
2024-12-24 00:00:00,goosefx_ssl,2984.6800081823135
2025-01-01 00:00:00,phoenix,1.808810056199141e+07
2024-12-26 00:00:00,phoenix,1.9504251762994558e+07
2024-12-09 00:00:00,lifinity,1.6482477777027678e+08
2024-12-27 00:00:00,whirlpool,2.447190759939915e+08
2025-01-15 00:00:00,whirlpool,2.3435454116893405e+08
2024-11-04 00:00:00,raydium,7.701136743552877e+08
2024-12-18 00:00:00,lifinity,2.468536622092498e+07
2024-11-10 00:00:00,whirlpool,2.3554820498251608e+08
2024-12-15 00:00:00,goosefx_ssl,3932.667546318179
2024-12-09 00:00:00,goosefx_ssl,5658.212322335185
2024-10-29 00:00:00,meteora,1.008753464588725e+09
2024-12-06 00:00:00,lifinity,1.431528049150004e+08
2024-10-26 00:00:00,meteora,9.184672703662254e+08
2024-12-16 00:00:00,pumpdotfun,999933.0829644557
2024-12-10 00:00:00,pumpdotfun,861851.6593931871
2024-12-12 00:00:00,goosefx_ssl,4006.749456906302
2024-12-15 00:00:00,meteora,1.0051715190799812e+09
2024-12-13 00:00:00,pumpdotfun,961426.9910226517
2024-12-18 00:00:00,goosefx_ssl,3517.610409351162
2024-11-04 00:00:00,lifinity,2.4188245704061863e+08
2024-12-22 00:00:00,goosefx_ssl,2945.184630482927
2024-12-14 00:00:00,raydium,1.3990146038332858e+09
2024-11-27 00:00:00,meteora,9.761093704282933e+08
2024-10-28 00:00:00,raydium,8.032950619423332e+08
2025-01-21 00:00:00,raydium,1.5997650566375344e+09
2024-12-16 00:00:00,meteora,8.816946799750837e+08
2024-11-22 00:00:00,pumpdotfun,586492.9378269769
2024-11-20 00:00:00,whirlpool,2.909791107571254e+08
2024-12-08 00:00:00,phoenix,1.9867333145949297e+07
2024-11-15 00:00:00,whirlpool,1.9892642200489205e+08
2025-01-04 00:00:00,meteora,6.748482268462664e+08
2024-11-12 00:00:00,whirlpool,2.5708375918353158e+08
2024-12-11 00:00:00,pumpdotfun,867718.5979297434
2025-01-07 00:00:00,meteora,5.424958233574257e+08
2025-01-15 00:00:00,raydium,1.3142012650509815e+09
2024-10-28 00:00:00,meteora,1.2614817042134507e+09
2024-10-26 00:00:00,raydium,7.363615263398582e+08
2024-12-28 00:00:00,phoenix,1.9301459744309243e+07
2024-11-28 00:00:00,pumpdotfun,717952.4563745967
2025-01-07 00:00:00,lifinity,2.701962944611162e+07
2024-12-28 00:00:00,whirlpool,2.2937030369101596e+08
2025-01-10 00:00:00,phoenix,1.5819632640574705e+07
2024-11-27 00:00:00,lifinity,7.296859127043386e+07
2024-12-30 00:00:00,lifinity,2.508249300053443e+07
2025-01-22 00:00:00,whirlpool,2.41314767156754e+08
2024-11-14 00:00:00,whirlpool,2.0520941310614178e+08
2024-12-12 00:00:00,pumpdotfun,943503.6125309394
2024-12-10 00:00:00,goosefx_ssl,5121.920082008464
2024-12-04 00:00:00,whirlpool,2.7722852475450796e+08
2025-01-11 00:00:00,goosefx_ssl,2643.2065872906483
2025-01-16 00:00:00,phoenix,1.709890448223727e+07
2024-11-23 00:00:00,pumpdotfun,617375.7040487783
2024-11-03 00:00:00,lifinity,2.3769617749145046e+08
2024-11-16 00:00:00,meteora,1.131577515653144e+09
2024-11-24 00:00:00,meteora,1.344060160803156e+09
2024-12-01 00:00:00,goosefx_ssl,6395.430389787856
2025-01-18 00:00:00,raydium,1.482947422453151e+09
2025-01-11 00:00:00,pumpdotfun,1.2948185489129229e+06
2024-12-06 00:00:00,pumpdotfun,869114.4395105318
2024-12-04 00:00:00,goosefx_ssl,5313.312899291326
2024-11-11 00:00:00,phoenix,2.03463298511307e+07
2024-11-29 00:00:00,raydium,1.3954591430323114e+09
2024-12-10 00:00:00,whirlpool,2.5890215454163602e+08
2024-12-23 00:00:00,meteora,6.274095184824556e+08
2025-01-17 00:00:00,pumpdotfun,1.58894704162861e+06
2024-10-27 00:00:00,lifinity,2.141023623087561e+08
2024-12-01 00:00:00,meteora,9.911555535181549e+08
2024-11-12 00:00:00,meteora,9.991607245536978e+08
2024-11-01 00:00:00,phoenix,1.8298619139777087e+07
2025-01-03 00:00:00,phoenix,1.849796515097227e+07
2024-12-07 00:00:00,lifinity,1.2776498871622293e+08
2025-01-06 00:00:00,phoenix,1.7326526385179307e+07
2025-01-20 00:00:00,whirlpool,2.618490030959647e+08
2024-12-04 00:00:00,lifinity,1.1165950219408958e+08
2024-11-01 00:00:00,raydium,7.98419180501213e+08
2024-11-13 00:00:00,pumpdotfun,276021.86155625206
2024-11-16 00:00:00,goosefx_ssl,8281.298688277748
2024-12-20 00:00:00,meteora,4.687672807539639e+08
2024-12-10 00:00:00,meteora,9.259663465360035e+08
2024-11-10 00:00:00,raydium,9.897832986063087e+08
2024-12-02 00:00:00,raydium,1.4001070992289941e+09
2025-01-09 00:00:00,phoenix,1.6250925672201412e+07
2024-12-07 00:00:00,meteora,1.0234841816319666e+09
2024-11-05 00:00:00,phoenix,1.693317653281946e+07
2025-01-07 00:00:00,whirlpool,2.6178490166401216e+08
2025-01-12 00:00:00,raydium,1.2934605324051924e+09
2024-12-26 00:00:00,meteora,6.525496266761515e+08
2025-01-14 00:00:00,pumpdotfun,1.319524665593802e+06
2024-10-30 00:00:00,phoenix,1.8583069973217368e+07
2024-12-01 00:00:00,lifinity,9.37855748457785e+07
2024-11-27 00:00:00,whirlpool,2.157308124807725e+08
2025-01-15 00:00:00,pumpdotfun,1.3736178194926507e+06
2024-11-07 00:00:00,pumpdotfun,165472.30429114468
2024-11-02 00:00:00,phoenix,1.7063164230450198e+07
2024-11-07 00:00:00,raydium,9.100936075028474e+08
2024-11-09 00:00:00,meteora,9.556218399786782e+08
2024-11-21 00:00:00,lifinity,2.480258982021638e+08
2024-11-01 00:00:00,pumpdotfun,90018.36198911643
2024-12-06 00:00:00,whirlpool,2.6611436513011324e+08
2024-12-02 00:00:00,meteora,8.508717371759154e+08
2024-12-25 00:00:00,whirlpool,2.4488485328726226e+08
2025-01-17 00:00:00,lifinity,2.879578190575383e+07
2024-11-24 00:00:00,lifinity,8.12770608789389e+07
2024-11-25 00:00:00,meteora,6.524621455259594e+08
2025-01-22 00:00:00,phoenix,1.973274403463445e+07
2024-11-13 00:00:00,lifinity,2.33909479885405e+08
2024-12-22 00:00:00,whirlpool,2.3766773828429222e+08
2025-01-19 00:00:00,goosefx_ssl,2796.6663772054235
2024-11-21 00:00:00,goosefx_ssl,6383.664255571523
2025-01-08 00:00:00,lifinity,2.6982765839860186e+07
2025-01-05 00:00:00,lifinity,2.6616275244746093e+07
2024-12-24 00:00:00,raydium,1.219695380866744e+09
2024-12-25 00:00:00,meteora,7.357468605337294e+08
2024-12-07 00:00:00,pumpdotfun,885311.9460605665
2024-11-05 00:00:00,goosefx_ssl,7430.816226317056
2024-11-15 00:00:00,phoenix,1.8737834300939217e+07
2025-01-19 00:00:00,lifinity,8.146216554108661e+07
2024-10-25 00:00:00,goosefx_ssl,1341.6644993011532
2024-11-28 00:00:00,meteora,8.93398947800572e+08
2024-12-15 00:00:00,whirlpool,2.4907614646727186e+08
2024-11-17 00:00:00,phoenix,1.9433323295951523e+07
2024-11-06 00:00:00,goosefx_ssl,10023.052794881276
2025-01-22 00:00:00,pumpdotfun,2.0027650348862866e+06
2024-10-30 00:00:00,pumpdotfun,75182.39546459545
2025-01-12 00:00:00,lifinity,2.7450716042516917e+07
2024-11-11 00:00:00,pumpdotfun,241415.73343310706
2024-11-20 00:00:00,phoenix,1.860825127898011e+07
2024-11-06 00:00:00,lifinity,4.1716187421302274e+07
2024-11-28 00:00:00,phoenix,2.2299604430318862e+07
2024-11-27 00:00:00,phoenix,1.9084130288421746e+07
2024-11-08 00:00:00,pumpdotfun,187258.9838166652
2024-12-28 00:00:00,meteora,8.304458098011657e+08
2024-11-04 00:00:00,pumpdotfun,110786.09196015848
2024-11-14 00:00:00,lifinity,2.4630373811330584e+08
2024-11-17 00:00:00,lifinity,2.95406716975725e+08
2025-01-16 00:00:00,goosefx_ssl,2439.349519235958
2024-12-09 00:00:00,raydium,1.471313575742919e+09
2024-11-26 00:00:00,phoenix,2.0360993167740565e+07
2025-01-15 00:00:00,lifinity,2.802290674354231e+07
2025-01-05 00:00:00,raydium,1.4542644634454596e+09
2025-01-16 00:00:00,lifinity,2.8506759883022696e+07
2024-12-18 00:00:00,whirlpool,2.5960007861826685e+08
2025-01-08 00:00:00,whirlpool,2.4155690275759223e+08
2024-12-22 00:00:00,lifinity,2.4656505421062805e+07
2024-12-22 00:00:00,raydium,1.1497073083172076e+09
2024-12-08 00:00:00,lifinity,1.3908175823936743e+08
2024-10-31 00:00:00,lifinity,4.121851862812162e+07
2024-12-06 00:00:00,phoenix,1.894245669835233e+07
2025-01-13 00:00:00,phoenix,1.6602733074824069e+07
2024-12-19 00:00:00,meteora,5.733747848096076e+08
2024-10-30 00:00:00,goosefx_ssl,12842.000018205543
2024-11-03 00:00:00,phoenix,1.7436718123033296e+07
2024-12-19 00:00:00,raydium,1.295750934469916e+09
2024-12-25 00:00:00,phoenix,1.9489702851521365e+07
2024-11-11 00:00:00,lifinity,1.5690120414117005e+08
2024-11-06 00:00:00,pumpdotfun,136305.1044913801
2025-01-10 00:00:00,meteora,8.693245523994768e+08
2024-10-26 00:00:00,pumpdotfun,23618.25136890312
2024-11-17 00:00:00,whirlpool,2.265753093955455e+08
2025-01-21 00:00:00,lifinity,4.120865465254522e+07
2024-12-14 00:00:00,phoenix,2.0620655903345846e+07
2024-12-12 00:00:00,whirlpool,2.4626404352547476e+08
2025-01-21 00:00:00,phoenix,1.928325074920344e+07
2024-11-25 00:00:00,pumpdotfun,665926.9701685247
2024-11-07 00:00:00,goosefx_ssl,9576.475509834636
2024-12-31 00:00:00,whirlpool,2.4031681475975013e+08
2024-12-01 00:00:00,whirlpool,2.254575000665596e+08
2024-12-08 00:00:00,meteora,1.0924433279761312e+09
2024-11-22 00:00:00,lifinity,7.699077970887385e+07
2024-11-22 00:00:00,phoenix,1.6296615901575759e+07
2024-11-28 00:00:00,whirlpool,2.314467477569444e+08
2024-10-31 00:00:00,raydium,8.256666435778252e+08
2024-12-28 00:00:00,pumpdotfun,1.0061133820084026e+06
2025-01-19 00:00:00,whirlpool,2.327172242109095e+08
2024-12-20 00:00:00,whirlpool,2.4256448159472972e+08
2024-12-17 00:00:00,pumpdotfun,984526.0690636174
2025-01-02 00:00:00,lifinity,2.5599841353218872e+07
2025-01-16 00:00:00,pumpdotfun,1.5297205654389982e+06
2024-11-17 00:00:00,pumpdotfun,357775.02566691366
2024-11-30 00:00:00,lifinity,8.42722487375958e+07
2024-12-03 00:00:00,phoenix,1.940535528619546e+07
2025-01-14 00:00:00,goosefx_ssl,2314.647019693471
2024-12-19 00:00:00,lifinity,2.4681679090241812e+07
2024-11-04 00:00:00,goosefx_ssl,7491.75917930923
2024-12-11 00:00:00,phoenix,1.8167078108101133e+07
2024-11-30 00:00:00,meteora,8.059775890350407e+08
2024-11-18 00:00:00,whirlpool,2.409218880845975e+08
2024-12-20 00:00:00,goosefx_ssl,3248.0411950108987
2024-12-08 00:00:00,pumpdotfun,907634.7560271375
2024-12-07 00:00:00,goosefx_ssl,76428.12689062287
2024-12-28 00:00:00,lifinity,2.5181226565570295e+07
2024-11-09 00:00:00,goosefx_ssl,9910.665868801518
2024-10-26 00:00:00,phoenix,1.7916400608238015e+07
2024-10-27 00:00:00,goosefx_ssl,6122.130944770453
2024-12-13 00:00:00,lifinity,2.3219451711590666e+07
2024-12-23 00:00:00,goosefx_ssl,2934.828273931834
2024-11-13 00:00:00,raydium,1.109382640259737e+09
2024-12-11 00:00:00,raydium,1.321566411205e+09
2024-12-26 00:00:00,goosefx_ssl,3024.9947362907083
2024-12-05 00:00:00,raydium,1.3833913338485405e+09
2025-01-21 00:00:00,pumpdotfun,1.9333072859396788e+06
2024-11-12 00:00:00,goosefx_ssl,12547.866825824618
2024-12-27 00:00:00,raydium,1.2084960890618079e+09
2024-12-08 00:00:00,raydium,1.466797483874027e+09
2024-12-17 00:00:00,lifinity,2.4101857237287767e+07
2024-12-29 00:00:00,goosefx_ssl,3014.020226867289
2024-12-23 00:00:00,whirlpool,2.3283002200485325e+08
2025-01-20 00:00:00,goosefx_ssl,2350.8116251620504
2025-01-02 00:00:00,meteora,6.614525042347281e+08
2024-12-22 00:00:00,meteora,7.260772496781868e+08
2025-01-05 00:00:00,pumpdotfun,1.3504536064620635e+06
2025-01-13 00:00:00,raydium,1.3025025544989135e+09
2025-01-10 00:00:00,raydium,1.2798366120185626e+09
2025-01-10 00:00:00,lifinity,2.7155260419376355e+07
2024-11-14 00:00:00,phoenix,2.089812747164224e+07
2024-11-14 00:00:00,pumpdotfun,299160.87881423294
2024-11-22 00:00:00,raydium,1.4357329445335326e+09
2024-10-31 00:00:00,meteora,7.289524877535425e+08
2024-11-03 00:00:00,raydium,7.848298107687122e+08
2024-10-28 00:00:00,lifinity,1.4694755951427959e+07
2024-12-14 00:00:00,lifinity,2.357487269187223e+07
2024-10-29 00:00:00,pumpdotfun,62612.265079033954
2025-01-02 00:00:00,raydium,1.30719166022529e+09
2024-11-08 00:00:00,meteora,8.7140909093515e+08
2024-11-11 00:00:00,meteora,1.4134715058709447e+09
2024-12-14 00:00:00,meteora,1.1336914482213225e+09
2025-01-13 00:00:00,meteora,5.048032687070279e+08
2024-12-20 00:00:00,pumpdotfun,933114.2570689862
2024-11-01 00:00:00,whirlpool,2.29319334928615e+08
2024-11-15 00:00:00,goosefx_ssl,8005.501166567954
2024-11-26 00:00:00,goosefx_ssl,5738.333330912379
2025-01-22 00:00:00,goosefx_ssl,2359.2262893632865
2024-10-29 00:00:00,whirlpool,2.379561065087407e+08
2024-12-30 00:00:00,raydium,1.248146850998466e+09
2025-01-05 00:00:00,phoenix,1.9158174706928678e+07
2025-01-04 00:00:00,lifinity,2.6433907576593872e+07
2024-12-30 00:00:00,meteora,1.0716644496858828e+09
2024-11-18 00:00:00,goosefx_ssl,13071.906332016695
2024-11-19 00:00:00,meteora,9.135700384531368e+08
2024-12-09 00:00:00,phoenix,1.993641572040509e+07
2024-11-08 00:00:00,raydium,9.599288536984463e+08
2024-11-19 00:00:00,lifinity,1.7654505544264925e+08
2025-01-16 00:00:00,whirlpool,2.4662933026170874e+08
2024-12-06 00:00:00,raydium,1.425804259736048e+09
2025-01-13 00:00:00,lifinity,2.761551881067232e+07
2024-11-29 00:00:00,goosefx_ssl,5507.259145240451
2024-11-19 00:00:00,raydium,1.3487314223405237e+09
2024-12-14 00:00:00,pumpdotfun,968814.2996767735
2025-01-08 00:00:00,pumpdotfun,1.3274971459899675e+06
2024-11-30 00:00:00,phoenix,1.9749809896417703e+07
2024-11-05 00:00:00,meteora,6.375959243615754e+08
2024-11-16 00:00:00,lifinity,2.607492488287545e+08
2024-11-17 00:00:00,raydium,1.2501095048193114e+09
2025-01-12 00:00:00,meteora,7.91733211166369e+08
2024-11-09 00:00:00,raydium,9.767932684374834e+08
2024-12-21 00:00:00,lifinity,2.4840542132029746e+07
2024-12-13 00:00:00,goosefx_ssl,3992.9069110988335
2024-11-21 00:00:00,meteora,1.206545630662193e+09
2025-01-09 00:00:00,raydium,1.3374973421538932e+09
2025-01-07 00:00:00,phoenix,1.7901059065129664e+07
2024-10-25 00:00:00,meteora,7.862730071464564e+08
2024-11-13 00:00:00,meteora,1.0382261524016227e+09
2024-11-11 00:00:00,whirlpool,2.4508777439747503e+08
2024-11-28 00:00:00,lifinity,7.938860315468219e+07
2024-10-29 00:00:00,raydium,8.226151281891552e+08
2024-11-28 00:00:00,raydium,1.4061149957897317e+09
2025-01-08 00:00:00,phoenix,1.7523248380679764e+07
2025-01-02 00:00:00,whirlpool,2.5543261116044387e+08
2025-01-05 00:00:00,meteora,6.055425369610304e+08
2025-01-01 00:00:00,meteora,4.6276675716497254e+08
2024-12-02 00:00:00,lifinity,1.1123810577852662e+08
2024-12-24 00:00:00,phoenix,1.9600797351350464e+07
2024-11-03 00:00:00,whirlpool,2.180161141599421e+08
2024-11-05 00:00:00,raydium,7.543799071171966e+08
2024-12-05 00:00:00,goosefx_ssl,5162.120873850155
2024-12-23 00:00:00,pumpdotfun,912481.2717921733
2024-11-28 00:00:00,goosefx_ssl,6578.352968676298
2025-01-18 00:00:00,phoenix,1.8785366313886706e+07
2024-12-28 00:00:00,goosefx_ssl,2954.437248804901
2025-01-14 00:00:00,whirlpool,2.2933471033537367e+08
2025-01-19 00:00:00,raydium,1.6633262181372235e+09
2025-01-21 00:00:00,whirlpool,2.3626526893362248e+08
2025-01-13 00:00:00,whirlpool,2.250477687048889e+08
2025-01-06 00:00:00,whirlpool,2.6163711863251728e+08
2024-11-02 00:00:00,meteora,7.787334395388669e+08
2025-01-16 00:00:00,raydium,1.425937275125641e+09
2024-12-15 00:00:00,pumpdotfun,963636.1367705856
2024-12-16 00:00:00,phoenix,2.064253170979273e+07
2024-11-25 00:00:00,lifinity,7.37836640337976e+07
2025-01-20 00:00:00,lifinity,4.084921134947496e+07
2025-01-22 00:00:00,meteora,9.080711358285164e+08
2024-11-20 00:00:00,meteora,8.854714133953193e+08
2025-01-11 00:00:00,lifinity,2.727507588949333e+07
2025-01-07 00:00:00,goosefx_ssl,2824.485606411034
2024-11-29 00:00:00,pumpdotfun,729488.9060597925
2025-01-14 00:00:00,lifinity,2.7658207153733622e+07
2025-01-20 00:00:00,meteora,1.5150358118585186e+09
2024-11-07 00:00:00,phoenix,2.133422667947784e+07
2024-10-30 00:00:00,raydium,8.484397941096447e+08
2024-12-31 00:00:00,meteora,9.321211831943637e+08
2024-12-18 00:00:00,pumpdotfun,1.0347201106623233e+06
2025-01-06 00:00:00,pumpdotfun,1.353500802072966e+06
2024-11-20 00:00:00,lifinity,1.998985764631904e+08
2024-12-29 00:00:00,lifinity,2.500953722787929e+07
2024-11-27 00:00:00,goosefx_ssl,5401.374860090457
2024-12-16 00:00:00,goosefx_ssl,3906.4989728421724
2024-12-18 00:00:00,raydium,1.395148073397219e+09
2024-12-15 00:00:00,phoenix,2.0019444012304038e+07
2025-01-04 00:00:00,goosefx_ssl,2908.1252130395183
2024-12-12 00:00:00,raydium,1.3996806505906677e+09
2025-01-17 00:00:00,raydium,1.4507128573625734e+09
2024-11-23 00:00:00,raydium,1.4236693055294452e+09
2024-12-10 00:00:00,phoenix,1.862290298407574e+07
2025-01-11 00:00:00,meteora,5.668946066673766e+08
2025-01-11 00:00:00,raydium,1.301464709154591e+09
2024-12-02 00:00:00,phoenix,1.922893877175745e+07
2024-12-17 00:00:00,goosefx_ssl,3534.409037907427
2024-12-10 00:00:00,lifinity,1.7036338441830295e+08
2025-01-14 00:00:00,meteora,5.933775445945635e+08
2024-12-21 00:00:00,whirlpool,2.466138764630043e+08
2024-12-05 00:00:00,pumpdotfun,824517.4704276065
2024-10-28 00:00:00,goosefx_ssl,13974.786241789623
2024-11-02 00:00:00,pumpdotfun,96257.38921922748
2025-01-17 00:00:00,phoenix,1.595341231267507e+07
2024-11-13 00:00:00,phoenix,1.8758262999754604e+07
2024-10-27 00:00:00,meteora,1.0661963422906758e+09
2024-12-21 00:00:00,phoenix,2.129103279119663e+07
2025-01-05 00:00:00,goosefx_ssl,2867.3054336879013
2024-12-30 00:00:00,goosefx_ssl,2917.0825937591203
2024-12-29 00:00:00,meteora,6.826755443527058e+08
2025-01-01 00:00:00,pumpdotfun,1.0952619037625827e+06
2024-12-24 00:00:00,whirlpool,2.416944255612027e+08
2024-12-24 00:00:00,pumpdotfun,975267.3763087406
2025-01-10 00:00:00,whirlpool,2.2915946995218334e+08
2024-11-08 00:00:00,whirlpool,2.386014251209368e+08
2024-11-03 00:00:00,goosefx_ssl,10360.939835314977
2025-01-15 00:00:00,meteora,7.484960156787502e+08
2024-12-17 00:00:00,phoenix,2.024283634232811e+07
2024-11-30 00:00:00,raydium,1.4366998519981375e+09
2024-12-11 00:00:00,lifinity,1.9867656969386366e+08
2024-11-29 00:00:00,lifinity,7.878071901911595e+07
2024-12-25 00:00:00,pumpdotfun,1.0246755643488322e+06
2024-12-11 00:00:00,goosefx_ssl,4607.01878353421
2024-12-01 00:00:00,raydium,1.402370513654393e+09
2024-11-10 00:00:00,meteora,1.0653391308436912e+09
2025-01-03 00:00:00,meteora,6.434945763853456e+08
2024-11-20 00:00:00,raydium,1.329912969643087e+09
2024-12-20 00:00:00,phoenix,1.9128929605931327e+07
2025-01-06 00:00:00,meteora,6.607696920878861e+08
2024-11-15 00:00:00,raydium,1.1457942364400196e+09
2024-10-25 00:00:00,phoenix,1.829199250159399e+07
2024-11-06 00:00:00,whirlpool,2.1868186321550316e+08
2025-01-17 00:00:00,whirlpool,2.4953092800956342e+08
2025-01-02 00:00:00,phoenix,1.7906396719078943e+07
2024-12-05 00:00:00,lifinity,1.4023088077673176e+08
2024-11-18 00:00:00,raydium,1.356797854400426e+09
2025-01-09 00:00:00,whirlpool,2.4010301035783532e+08
2024-10-26 00:00:00,whirlpool,2.3107197226939332e+08
2025-01-05 00:00:00,whirlpool,2.6438886920677322e+08
2025-01-11 00:00:00,whirlpool,2.3005391569226897e+08
2024-12-24 00:00:00,lifinity,2.480633557856524e+07
2024-12-27 00:00:00,meteora,5.3557588748890597e+08
2024-11-21 00:00:00,raydium,1.318446735209283e+09
2025-01-18 00:00:00,meteora,9.637100980423342e+08
2024-11-13 00:00:00,whirlpool,2.399836946758334e+08
2024-12-03 00:00:00,lifinity,1.2361696262959866e+08
2024-12-03 00:00:00,goosefx_ssl,5204.716223346632
2025-01-09 00:00:00,meteora,7.022220604967102e+08
2025-01-07 00:00:00,pumpdotfun,1.409278360440857e+06
2024-12-31 00:00:00,pumpdotfun,1.091801070474789e+06
2024-12-30 00:00:00,phoenix,1.8717309025030673e+07
2025-01-21 00:00:00,meteora,1.571647000583357e+09
2024-12-30 00:00:00,whirlpool,2.4448994769481725e+08
2024-11-14 00:00:00,raydium,1.1732976221877294e+09
2024-12-21 00:00:00,goosefx_ssl,3051.999738185032
2024-11-26 00:00:00,whirlpool,2.4134416177624264e+08
2024-11-23 00:00:00,whirlpool,2.6651537688938892e+08
2024-10-29 00:00:00,lifinity,4.045271761025863e+07
2024-10-26 00:00:00,lifinity,2.068925880408047e+08
2024-11-29 00:00:00,whirlpool,2.25482225990599e+08
2025-01-09 00:00:00,goosefx_ssl,2711.3413822620723
2025-01-03 00:00:00,goosefx_ssl,2885.8059430315225
2024-11-12 00:00:00,phoenix,1.9814547808293235e+07
2024-11-09 00:00:00,phoenix,2.0138168150135744e+07
2024-11-18 00:00:00,pumpdotfun,419727.80016575067
2024-11-27 00:00:00,pumpdotfun,660514.5339738111
2024-12-06 00:00:00,meteora,9.89708143505326e+08
2024-11-19 00:00:00,phoenix,1.8450885615604904e+07
2025-01-06 00:00:00,goosefx_ssl,2552.0526139020776
2025-01-07 00:00:00,raydium,1.4834802983243525e+09
2024-11-20 00:00:00,pumpdotfun,480363.16069685004
2024-11-21 00:00:00,pumpdotfun,509545.4837091946
2024-11-15 00:00:00,pumpdotfun,309864.7925861373
2024-12-05 00:00:00,whirlpool,2.766852508507404e+08
2025-01-03 00:00:00,lifinity,2.614809989513636e+07
2024-11-30 00:00:00,pumpdotfun,768657.7747200964
2024-12-07 00:00:00,phoenix,1.8946780935684036e+07
2024-12-04 00:00:00,phoenix,1.898251429527633e+07
2025-01-09 00:00:00,lifinity,2.7149442804294866e+07
2025-01-04 00:00:00,pumpdotfun,1.3342327616265775e+06
2024-12-25 00:00:00,lifinity,2.5100594144349173e+07
2024-11-02 00:00:00,raydium,7.868105377916679e+08
2024-11-17 00:00:00,meteora,9.052295444678445e+08
2024-10-27 00:00:00,pumpdotfun,34595.60643856821
2024-10-28 00:00:00,pumpdotfun,47924.75440885832
2024-12-19 00:00:00,phoenix,1.9131750537242018e+07
2024-12-31 00:00:00,goosefx_ssl,2919.7778064718113
2024-12-29 00:00:00,whirlpool,2.485795861597486e+08
2024-10-30 00:00:00,whirlpool,2.421572797014552e+08
2025-01-15 00:00:00,phoenix,1.618820081000006e+07
2024-12-03 00:00:00,pumpdotfun,774066.2883379783
2024-12-06 00:00:00,goosefx_ssl,5161.167932032064
2024-11-06 00:00:00,phoenix,1.7616491522816345e+07
2024-11-16 00:00:00,raydium,1.2550598137631087e+09
2025-01-03 00:00:00,whirlpool,2.5180510697103488e+08
2024-11-06 00:00:00,meteora,8.161281840285807e+08
2025-01-08 00:00:00,meteora,5.1148153474213773e+08
2024-12-31 00:00:00,lifinity,2.5304403051868845e+07
2024-12-02 00:00:00,goosefx_ssl,5684.367001028519
2025-01-02 00:00:00,pumpdotfun,1.1442861351965573e+06
2024-11-23 00:00:00,goosefx_ssl,6606.186400308462
2024-12-30 00:00:00,pumpdotfun,1.0696690975497863e+06
2025-01-16 00:00:00,meteora,7.516759491958288e+08
2024-12-13 00:00:00,phoenix,2.0280854899461288e+07
2025-01-11 00:00:00,phoenix,1.6002368454757916e+07
2025-01-17 00:00:00,meteora,8.476827204393564e+08
2025-01-20 00:00:00,raydium,1.6218224552032728e+09
2024-11-14 00:00:00,meteora,9.590496899800062e+08
2024-11-25 00:00:00,raydium,1.4147804554636872e+09
2024-11-25 00:00:00,goosefx_ssl,6043.2728051726335
2024-11-04 00:00:00,whirlpool,2.1810390648220378e+08
2024-12-26 00:00:00,pumpdotfun,1.0433763333821748e+06
2024-12-25 00:00:00,goosefx_ssl,3024.121133944736
2025-01-19 00:00:00,meteora,1.0990388507038822e+09
2024-12-26 00:00:00,whirlpool,2.531890865331834e+08
2024-10-27 00:00:00,whirlpool,2.3393607940864217e+08
2024-11-02 00:00:00,whirlpool,2.2028543208336127e+08
2024-12-22 00:00:00,pumpdotfun,900739.1849067182
2024-12-27 00:00:00,phoenix,1.8831870630230606e+07
2025-01-22 00:00:00,raydium,1.6509570961912124e+09
2025-01-01 00:00:00,whirlpool,2.468851071167123e+08
2024-11-30 00:00:00,goosefx_ssl,6516.171374136509
2024-12-29 00:00:00,pumpdotfun,1.0827913315456936e+06
2024-11-26 00:00:00,lifinity,7.44856987672226e+07
2024-12-26 00:00:00,raydium,1.264401429921471e+09
2024-11-18 00:00:00,lifinity,1.9075216377686742e+08
2024-11-15 00:00:00,lifinity,2.5532638253495812e+08
2024-10-25 00:00:00,whirlpool,2.4022422374704456e+08
2024-12-19 00:00:00,goosefx_ssl,3431.7304389654373
2025-01-14 00:00:00,raydium,1.2748570567579024e+09
2024-11-12 00:00:00,raydium,1.142417462454806e+09
2025-01-21 00:00:00,goosefx_ssl,2341.786982663172
2025-01-03 00:00:00,raydium,1.3890568796707711e+09
2024-11-05 00:00:00,pumpdotfun,117006.75445303152
2024-11-11 00:00:00,goosefx_ssl,10236.842789102593
2024-10-25 00:00:00,pumpdotfun,15290.368943248273
2024-11-05 00:00:00,whirlpool,2.1087827422853875e+08
2025-01-12 00:00:00,phoenix,1.6916724018304456e+07
2025-01-22 00:00:00,lifinity,2.6880356780017313e+07
2024-11-07 00:00:00,meteora,1.0638107311326848e+09
2024-12-04 00:00:00,raydium,1.3994633418398714e+09
2025-01-04 00:00:00,whirlpool,2.665222007826041e+08
2024-12-14 00:00:00,goosefx_ssl,3986.143064065075
2024-11-22 00:00:00,goosefx_ssl,7324.676683532269
2025-01-02 00:00:00,goosefx_ssl,2825.553442275652
2024-10-30 00:00:00,meteora,8.601995093201559e+08
2025-01-14 00:00:00,phoenix,1.6229833258006454e+07
2025-01-13 00:00:00,goosefx_ssl,2347.6061720639937
2025-01-10 00:00:00,goosefx_ssl,2642.0870688102923
2024-10-30 00:00:00,lifinity,3.654778152503508e+07
2024-11-15 00:00:00,meteora,1.0459222203135756e+09
2025-01-06 00:00:00,raydium,1.455488426870978e+09
2025-01-09 00:00:00,pumpdotfun,1.3185078378409382e+06
2024-11-18 00:00:00,phoenix,2.1560543945102308e+07
2024-11-21 00:00:00,phoenix,1.6268512495613704e+07
2024-12-08 00:00:00,goosefx_ssl,5317.164438504515
2024-11-19 00:00:00,goosefx_ssl,8306.696690193483
2024-10-28 00:00:00,whirlpool,2.3800310188985345e+08
2024-11-19 00:00:00,pumpdotfun,449224.82370708743
2024-12-21 00:00:00,raydium,1.2256485600492013e+09
2024-11-21 00:00:00,whirlpool,2.6705610150061226e+08
2024-11-09 00:00:00,lifinity,6.654288417916683e+07
2025-01-08 00:00:00,goosefx_ssl,2746.875431421054
2025-01-19 00:00:00,phoenix,1.9385850054771956e+07
2024-11-12 00:00:00,lifinity,2.2327668249615744e+08
2024-12-07 00:00:00,whirlpool,2.5474461844216797e+08
2024-11-05 00:00:00,lifinity,2.3289279828165692e+08
2024-12-14 00:00:00,whirlpool,2.6353196759677184e+08
2024-10-25 00:00:00,raydium,7.631527107600933e+08
2024-11-24 00:00:00,whirlpool,2.5294206082432076e+08
2024-12-03 00:00:00,whirlpool,2.307587784817918e+08
2024-11-30 00:00:00,whirlpool,2.3276387639921826e+08
2024-10-29 00:00:00,goosefx_ssl,12701.100262891883
2024-11-17 00:00:00,goosefx_ssl,12570.1967991304
2024-12-19 00:00:00,whirlpool,2.639719396774052e+08
2024-12-02 00:00:00,pumpdotfun,789093.5498784281
2024-11-16 00:00:00,phoenix,1.9026510635417536e+07
2025-01-01 00:00:00,lifinity,2.53845660954843e+07
2024-12-18 00:00:00,phoenix,1.9700971163365714e+07
2025-01-01 00:00:00,goosefx_ssl,2807.813695239762
2025-01-10 00:00:00,pumpdotfun,1.2573597580053883e+06
2025-01-03 00:00:00,pumpdotfun,1.2521118269994147e+06
2024-12-20 00:00:00,lifinity,2.473933287481031e+07
2024-12-16 00:00:00,whirlpool,2.4839137636798677e+08
2025-01-08 00:00:00,raydium,1.3740088561611476e+09
2024-12-21 00:00:00,meteora,5.522762840083357e+08
2024-11-22 00:00:00,whirlpool,2.760327543677408e+08
2024-12-20 00:00:00,raydium,1.2106749915467296e+09
2024-11-13 00:00:00,goosefx_ssl,10123.299741040119
2024-12-13 00:00:00,meteora,1.0901202827443423e+09
2024-12-04 00:00:00,pumpdotfun,822228.2861204515
2024-12-05 00:00:00,phoenix,1.8505696356298786e+07
2024-11-04 00:00:00,phoenix,1.787985162988594e+07
2024-11-06 00:00:00,raydium,8.069048007193035e+08
2024-12-28 00:00:00,raydium,1.185782328641256e+09
2024-12-11 00:00:00,whirlpool,2.4619307792321604e+08
2024-12-09 00:00:00,meteora,6.771166267017918e+08
2024-12-12 00:00:00,phoenix,2.0230847439760614e+07
2024-10-25 00:00:00,lifinity,1.4548011823143573e+07
2024-11-24 00:00:00,goosefx_ssl,6240.971195477441
2025-01-01 00:00:00,raydium,1.263959280772687e+09
2024-12-13 00:00:00,whirlpool,2.3815554642957357e+08
2024-11-12 00:00:00,pumpdotfun,272186.18818259804
2024-11-10 00:00:00,pumpdotfun,213942.95571348033
2024-12-27 00:00:00,pumpdotfun,1.0132288051354309e+06
2024-12-23 00:00:00,lifinity,2.470546898565891e+07
2025-01-15 00:00:00,goosefx_ssl,2333.414785707838
2024-12-03 00:00:00,raydium,1.340416662473912e+09
2024-12-10 00:00:00,raydium,1.3296450477199278e+09
2024-12-09 00:00:00,whirlpool,2.905761291685958e+08
2024-12-16 00:00:00,raydium,1.3777625825042937e+09
2025-01-18 00:00:00,lifinity,3.4762606127532266e+07
2024-11-01 00:00:00,lifinity,4.013914139529153e+07
2024-11-25 00:00:00,whirlpool,2.626310974496199e+08
2024-12-08 00:00:00,whirlpool,2.51364981937099e+08
2024-12-27 00:00:00,goosefx_ssl,2976.178876301124
2024-12-24 00:00:00,meteora,5.207323625020384e+08
2024-10-27 00:00:00,raydium,7.692100581021706e+08
2024-12-03 00:00:00,meteora,1.079568793742171e+09
2024-11-08 00:00:00,lifinity,5.298143504254008e+07
2024-11-10 00:00:00,lifinity,1.1616956043872266e+08
2024-11-29 00:00:00,meteora,1.0185024493502328e+09
2024-10-26 00:00:00,goosefx_ssl,5166.215689189237
2025-01-17 00:00:00,goosefx_ssl,2455.512321012398
2024-12-11 00:00:00,meteora,9.850745967921042e+08
2024-12-29 00:00:00,raydium,1.2687974441477923e+09
2025-01-19 00:00:00,pumpdotfun,2.028084483635795e+06
2024-12-25 00:00:00,raydium,1.2667809688080819e+09
2024-11-20 00:00:00,goosefx_ssl,7038.296250340574
2025-01-04 00:00:00,raydium,1.4621972778608587e+09
2024-11-02 00:00:00,lifinity,2.4883489712870586e+08
2024-12-27 00:00:00,lifinity,2.5151558966644656e+07
2025-01-18 00:00:00,goosefx_ssl,2467.976206038755
2024-11-10 00:00:00,goosefx_ssl,8737.532164822785
2024-12-23 00:00:00,raydium,1.1484287580137277e+09
2024-11-25 00:00:00,phoenix,1.8847108350499317e+07
2024-11-08 00:00:00,goosefx_ssl,10286.656943132504
2024-11-23 00:00:00,meteora,1.3520588977417395e+09
2024-11-09 00:00:00,pumpdotfun,201218.23623599752
2024-11-02 00:00:00,goosefx_ssl,10464.4168086738
2024-12-12 00:00:00,meteora,9.676375605545745e+08
2024-12-18 00:00:00,meteora,7.478764003419563e+08
2024-12-05 00:00:00,meteora,9.181648123414017e+08
2025-01-13 00:00:00,pumpdotfun,1.340170093608269e+06
2024-11-19 00:00:00,whirlpool,2.6828808754225862e+08
2024-12-17 00:00:00,raydium,1.3489579426485467e+09
2024-12-31 00:00:00,raydium,1.2601917342036228e+09
2025-01-20 00:00:00,pumpdotfun,1.982640338009048e+06
2024-12-01 00:00:00,pumpdotfun,770451.6801596272
2024-11-01 00:00:00,goosefx_ssl,10557.901664051406